slurm-3473670.out:Memory, Processes, 2, Rank, 1, vMem, 4754944 KB, pMem, 3105484 KB
slurm-3473670.out:Memory, Processes, 2, Rank, 0, vMem, 4756264 KB, pMem, 3109760 KB
slurm-3473671.out:Memory, Processes, 4, Rank, 0, vMem, 2624140 KB, pMem, 2233692 KB
slurm-3473671.out:Memory, Processes, 4, Rank, 1, vMem, 2621900 KB, pMem, 2233460 KB
slurm-3473671.out:Memory, Processes, 4, Rank, 2, vMem, 2622436 KB, pMem, 2231936 KB
slurm-3473671.out:Memory, Processes, 4, Rank, 3, vMem, 2620264 KB, pMem, 2229788 KB
slurm-3473672.out:Memory, Processes, 8, Rank, 0, vMem, 1564812 KB, pMem, 1157944 KB
slurm-3473672.out:Memory, Processes, 8, Rank, 1, vMem, 1567360 KB, pMem, 1160496 KB
slurm-3473672.out:Memory, Processes, 8, Rank, 2, vMem, 1563904 KB, pMem, 1156988 KB
slurm-3473672.out:Memory, Processes, 8, Rank, 3, vMem, 1565896 KB, pMem, 1158960 KB
slurm-3473672.out:Memory, Processes, 8, Rank, 4, vMem, 1564968 KB, pMem, 1158136 KB
slurm-3473672.out:Memory, Processes, 8, Rank, 5, vMem, 1565904 KB, pMem, 1159000 KB
slurm-3473672.out:Memory, Processes, 8, Rank, 6, vMem, 1565068 KB, pMem, 1158168 KB
slurm-3473672.out:Memory, Processes, 8, Rank, 7, vMem, 1564452 KB, pMem, 1157536 KB
slurm-3473673.out:Memory, Processes, 2, Rank, 0, vMem, 4766516 KB, pMem, 2905056 KB
slurm-3473673.out:Memory, Processes, 2, Rank, 1, vMem, 4766284 KB, pMem, 2963072 KB
slurm-3473674.out:Memory, Processes, 4, Rank, 0, vMem, 2638176 KB, pMem, 2255860 KB
slurm-3473674.out:Memory, Processes, 4, Rank, 2, vMem, 2636608 KB, pMem, 2254156 KB
slurm-3473674.out:Memory, Processes, 4, Rank, 1, vMem, 2635688 KB, pMem, 2253256 KB
slurm-3473674.out:Memory, Processes, 4, Rank, 3, vMem, 2634604 KB, pMem, 2251948 KB
slurm-3473675.out:Memory, Processes, 8, Rank, 0, vMem, 1570304 KB, pMem, 1179708 KB
slurm-3473675.out:Memory, Processes, 8, Rank, 2, vMem, 1569592 KB, pMem, 1179012 KB
slurm-3473675.out:Memory, Processes, 8, Rank, 3, vMem, 1571432 KB, pMem, 1180820 KB
slurm-3473675.out:Memory, Processes, 8, Rank, 4, vMem, 1568332 KB, pMem, 1177688 KB
slurm-3473675.out:Memory, Processes, 8, Rank, 6, vMem, 1568676 KB, pMem, 1178084 KB
slurm-3473675.out:Memory, Processes, 8, Rank, 7, vMem, 1568304 KB, pMem, 1177656 KB
slurm-3473675.out:Memory, Processes, 8, Rank, 1, vMem, 1573176 KB, pMem, 1182544 KB
slurm-3473675.out:Memory, Processes, 8, Rank, 5, vMem, 1569728 KB, pMem, 1179160 KB
slurm-3473676.out:Memory, Processes, 16, Rank, 8, vMem, 1048148 KB, pMem, 641224 KB
slurm-3473676.out:Memory, Processes, 16, Rank, 10, vMem, 1049220 KB, pMem, 642288 KB
slurm-3473676.out:Memory, Processes, 16, Rank, 14, vMem, 1047408 KB, pMem, 640412 KB
slurm-3473676.out:Memory, Processes, 16, Rank, 0, vMem, 1046708 KB, pMem, 639784 KB
slurm-3473676.out:Memory, Processes, 16, Rank, 2, vMem, 1048312 KB, pMem, 641308 KB
slurm-3473676.out:Memory, Processes, 16, Rank, 3, vMem, 1049572 KB, pMem, 642636 KB
slurm-3473676.out:Memory, Processes, 16, Rank, 5, vMem, 1047408 KB, pMem, 640396 KB
slurm-3473676.out:Memory, Processes, 16, Rank, 6, vMem, 1049532 KB, pMem, 642608 KB
slurm-3473676.out:Memory, Processes, 16, Rank, 4, vMem, 1047496 KB, pMem, 640528 KB
slurm-3473676.out:Memory, Processes, 16, Rank, 7, vMem, 1047248 KB, pMem, 640316 KB
slurm-3473676.out:Memory, Processes, 16, Rank, 11, vMem, 1047192 KB, pMem, 640188 KB
slurm-3473676.out:Memory, Processes, 16, Rank, 12, vMem, 1047432 KB, pMem, 640436 KB
slurm-3473676.out:Memory, Processes, 16, Rank, 13, vMem, 1048500 KB, pMem, 641500 KB
slurm-3473676.out:Memory, Processes, 16, Rank, 15, vMem, 1047224 KB, pMem, 640244 KB
slurm-3473676.out:Memory, Processes, 16, Rank, 1, vMem, 1048012 KB, pMem, 641064 KB
slurm-3473676.out:Memory, Processes, 16, Rank, 9, vMem, 1048172 KB, pMem, 641096 KB
slurm-3473677.out:Memory, Processes, 4, Rank, 2, vMem, 2626268 KB, pMem, 2253932 KB
slurm-3473677.out:Memory, Processes, 4, Rank, 0, vMem, 2593924 KB, pMem, 2221908 KB
slurm-3473677.out:Memory, Processes, 4, Rank, 1, vMem, 2625740 KB, pMem, 2253592 KB
slurm-3473677.out:Memory, Processes, 4, Rank, 3, vMem, 2624352 KB, pMem, 2252164 KB
slurm-3473678.out:Memory, Processes, 8, Rank, 0, vMem, 1561828 KB, pMem, 1179460 KB
slurm-3473678.out:Memory, Processes, 8, Rank, 2, vMem, 1561724 KB, pMem, 1179380 KB
slurm-3473678.out:Memory, Processes, 8, Rank, 6, vMem, 1563252 KB, pMem, 1180788 KB
slurm-3473678.out:Memory, Processes, 8, Rank, 4, vMem, 1562492 KB, pMem, 1179992 KB
slurm-3473678.out:Memory, Processes, 8, Rank, 1, vMem, 1565088 KB, pMem, 1182532 KB
slurm-3473678.out:Memory, Processes, 8, Rank, 5, vMem, 1563756 KB, pMem, 1183292 KB
slurm-3473678.out:Memory, Processes, 8, Rank, 7, vMem, 1562028 KB, pMem, 1179568 KB
slurm-3473678.out:Memory, Processes, 8, Rank, 3, vMem, 1563200 KB, pMem, 1180928 KB
slurm-3473679.out:Memory, Processes, 16, Rank, 1, vMem, 1031636 KB, pMem, 641152 KB
slurm-3473679.out:Memory, Processes, 16, Rank, 2, vMem, 1031920 KB, pMem, 643396 KB
slurm-3473679.out:Memory, Processes, 16, Rank, 3, vMem, 1033184 KB, pMem, 642624 KB
slurm-3473679.out:Memory, Processes, 16, Rank, 5, vMem, 1030844 KB, pMem, 640280 KB
slurm-3473679.out:Memory, Processes, 16, Rank, 6, vMem, 1033248 KB, pMem, 642764 KB
slurm-3473679.out:Memory, Processes, 16, Rank, 7, vMem, 1030852 KB, pMem, 640368 KB
slurm-3473679.out:Memory, Processes, 16, Rank, 9, vMem, 1031552 KB, pMem, 640876 KB
slurm-3473679.out:Memory, Processes, 16, Rank, 11, vMem, 1030776 KB, pMem, 640168 KB
slurm-3473679.out:Memory, Processes, 16, Rank, 10, vMem, 1033128 KB, pMem, 642428 KB
slurm-3473679.out:Memory, Processes, 16, Rank, 13, vMem, 1031964 KB, pMem, 641416 KB
slurm-3473679.out:Memory, Processes, 16, Rank, 14, vMem, 1031252 KB, pMem, 640684 KB
slurm-3473679.out:Memory, Processes, 16, Rank, 15, vMem, 1030980 KB, pMem, 640384 KB
slurm-3473679.out:Memory, Processes, 16, Rank, 8, vMem, 1031692 KB, pMem, 640972 KB
slurm-3473679.out:Memory, Processes, 16, Rank, 0, vMem, 1030324 KB, pMem, 639772 KB
slurm-3473679.out:Memory, Processes, 16, Rank, 4, vMem, 1031016 KB, pMem, 640528 KB
slurm-3473679.out:Memory, Processes, 16, Rank, 12, vMem, 1031192 KB, pMem, 640580 KB
slurm-3473681.out:Memory, Processes, 32, Rank, 0, vMem, 775844 KB, pMem, 368976 KB
slurm-3473681.out:Memory, Processes, 32, Rank, 2, vMem, 776160 KB, pMem, 368996 KB
slurm-3473681.out:Memory, Processes, 32, Rank, 4, vMem, 776064 KB, pMem, 369120 KB
slurm-3473681.out:Memory, Processes, 32, Rank, 6, vMem, 776512 KB, pMem, 369596 KB
slurm-3473681.out:Memory, Processes, 32, Rank, 7, vMem, 776036 KB, pMem, 369184 KB
slurm-3473681.out:Memory, Processes, 32, Rank, 1, vMem, 774176 KB, pMem, 367304 KB
slurm-3473681.out:Memory, Processes, 32, Rank, 3, vMem, 774924 KB, pMem, 368032 KB
slurm-3473681.out:Memory, Processes, 32, Rank, 5, vMem, 776020 KB, pMem, 369092 KB
slurm-3473681.out:Memory, Processes, 32, Rank, 24, vMem, 772392 KB, pMem, 365456 KB
slurm-3473681.out:Memory, Processes, 32, Rank, 25, vMem, 774136 KB, pMem, 367216 KB
slurm-3473681.out:Memory, Processes, 32, Rank, 26, vMem, 773592 KB, pMem, 366664 KB
slurm-3473681.out:Memory, Processes, 32, Rank, 27, vMem, 773796 KB, pMem, 366936 KB
slurm-3473681.out:Memory, Processes, 32, Rank, 30, vMem, 773480 KB, pMem, 366620 KB
slurm-3473681.out:Memory, Processes, 32, Rank, 31, vMem, 772728 KB, pMem, 365792 KB
slurm-3473681.out:Memory, Processes, 32, Rank, 28, vMem, 774484 KB, pMem, 369592 KB
slurm-3473681.out:Memory, Processes, 32, Rank, 29, vMem, 772304 KB, pMem, 365368 KB
slurm-3473681.out:Memory, Processes, 32, Rank, 8, vMem, 774584 KB, pMem, 367604 KB
slurm-3473681.out:Memory, Processes, 32, Rank, 9, vMem, 776148 KB, pMem, 369064 KB
slurm-3473681.out:Memory, Processes, 32, Rank, 10, vMem, 774436 KB, pMem, 367444 KB
slurm-3473681.out:Memory, Processes, 32, Rank, 11, vMem, 775756 KB, pMem, 368768 KB
slurm-3473681.out:Memory, Processes, 32, Rank, 14, vMem, 776316 KB, pMem, 369396 KB
slurm-3473681.out:Memory, Processes, 32, Rank, 15, vMem, 774316 KB, pMem, 367392 KB
slurm-3473681.out:Memory, Processes, 32, Rank, 12, vMem, 776748 KB, pMem, 369744 KB
slurm-3473681.out:Memory, Processes, 32, Rank, 13, vMem, 776744 KB, pMem, 369756 KB
slurm-3473681.out:Memory, Processes, 32, Rank, 16, vMem, 775876 KB, pMem, 368860 KB
slurm-3473681.out:Memory, Processes, 32, Rank, 18, vMem, 775772 KB, pMem, 368784 KB
slurm-3473681.out:Memory, Processes, 32, Rank, 20, vMem, 775652 KB, pMem, 368668 KB
slurm-3473681.out:Memory, Processes, 32, Rank, 22, vMem, 774500 KB, pMem, 367508 KB
slurm-3473681.out:Memory, Processes, 32, Rank, 23, vMem, 775664 KB, pMem, 368748 KB
slurm-3473681.out:Memory, Processes, 32, Rank, 17, vMem, 774848 KB, pMem, 367788 KB
slurm-3473681.out:Memory, Processes, 32, Rank, 19, vMem, 775872 KB, pMem, 368964 KB
slurm-3473681.out:Memory, Processes, 32, Rank, 21, vMem, 776816 KB, pMem, 369692 KB
slurm-3473682.out:Memory, Processes, 8, Rank, 0, vMem, 1551812 KB, pMem, 1179720 KB
slurm-3473682.out:Memory, Processes, 8, Rank, 5, vMem, 1553764 KB, pMem, 1181484 KB
slurm-3473682.out:Memory, Processes, 8, Rank, 3, vMem, 1553192 KB, pMem, 1180964 KB
slurm-3473682.out:Memory, Processes, 8, Rank, 4, vMem, 1552256 KB, pMem, 1179996 KB
slurm-3473682.out:Memory, Processes, 8, Rank, 7, vMem, 1551796 KB, pMem, 1179500 KB
slurm-3473682.out:Memory, Processes, 8, Rank, 2, vMem, 1551208 KB, pMem, 1178916 KB
slurm-3473682.out:Memory, Processes, 8, Rank, 1, vMem, 1554520 KB, pMem, 1182308 KB
slurm-3473682.out:Memory, Processes, 8, Rank, 6, vMem, 1552996 KB, pMem, 1180724 KB
slurm-3473683.out:Memory, Processes, 16, Rank, 0, vMem, 988008 KB, pMem, 605860 KB
slurm-3473683.out:Memory, Processes, 16, Rank, 8, vMem, 1023500 KB, pMem, 641164 KB
slurm-3473683.out:Memory, Processes, 16, Rank, 2, vMem, 1023756 KB, pMem, 641484 KB
slurm-3473683.out:Memory, Processes, 16, Rank, 10, vMem, 1024944 KB, pMem, 644624 KB
slurm-3473683.out:Memory, Processes, 16, Rank, 4, vMem, 1023008 KB, pMem, 640700 KB
slurm-3473683.out:Memory, Processes, 16, Rank, 6, vMem, 1024964 KB, pMem, 644672 KB
slurm-3473683.out:Memory, Processes, 16, Rank, 14, vMem, 1020736 KB, pMem, 638264 KB
slurm-3473683.out:Memory, Processes, 16, Rank, 12, vMem, 1023084 KB, pMem, 640572 KB
slurm-3473683.out:Memory, Processes, 16, Rank, 3, vMem, 1025048 KB, pMem, 642644 KB
slurm-3473683.out:Memory, Processes, 16, Rank, 11, vMem, 1022484 KB, pMem, 640136 KB
slurm-3473683.out:Memory, Processes, 16, Rank, 7, vMem, 1022804 KB, pMem, 640480 KB
slurm-3473683.out:Memory, Processes, 16, Rank, 1, vMem, 989336 KB, pMem, 607240 KB
slurm-3473683.out:Memory, Processes, 16, Rank, 9, vMem, 1023392 KB, pMem, 640992 KB
slurm-3473683.out:Memory, Processes, 16, Rank, 15, vMem, 1020864 KB, pMem, 638328 KB
slurm-3473683.out:Memory, Processes, 16, Rank, 5, vMem, 1022848 KB, pMem, 640612 KB
slurm-3473683.out:Memory, Processes, 16, Rank, 13, vMem, 1023724 KB, pMem, 641280 KB
slurm-3473684.out:Memory, Processes, 32, Rank, 0, vMem, 759520 KB, pMem, 369120 KB
slurm-3473684.out:Memory, Processes, 32, Rank, 2, vMem, 759636 KB, pMem, 369276 KB
slurm-3473684.out:Memory, Processes, 32, Rank, 1, vMem, 757940 KB, pMem, 367588 KB
slurm-3473684.out:Memory, Processes, 32, Rank, 4, vMem, 759504 KB, pMem, 368960 KB
slurm-3473684.out:Memory, Processes, 32, Rank, 5, vMem, 759492 KB, pMem, 368992 KB
slurm-3473684.out:Memory, Processes, 32, Rank, 16, vMem, 759404 KB, pMem, 368820 KB
slurm-3473684.out:Memory, Processes, 32, Rank, 17, vMem, 758484 KB, pMem, 367904 KB
slurm-3473684.out:Memory, Processes, 32, Rank, 18, vMem, 759240 KB, pMem, 368656 KB
slurm-3473684.out:Memory, Processes, 32, Rank, 6, vMem, 759728 KB, pMem, 369240 KB
slurm-3473684.out:Memory, Processes, 32, Rank, 20, vMem, 759232 KB, pMem, 368664 KB
slurm-3473684.out:Memory, Processes, 32, Rank, 21, vMem, 760360 KB, pMem, 369788 KB
slurm-3473684.out:Memory, Processes, 32, Rank, 22, vMem, 758032 KB, pMem, 367392 KB
slurm-3473684.out:Memory, Processes, 32, Rank, 12, vMem, 760208 KB, pMem, 369656 KB
slurm-3473684.out:Memory, Processes, 32, Rank, 13, vMem, 760208 KB, pMem, 371764 KB
slurm-3473684.out:Memory, Processes, 32, Rank, 14, vMem, 759900 KB, pMem, 369424 KB
slurm-3473684.out:Memory, Processes, 32, Rank, 28, vMem, 758092 KB, pMem, 367500 KB
slurm-3473684.out:Memory, Processes, 32, Rank, 29, vMem, 756060 KB, pMem, 365548 KB
slurm-3473684.out:Memory, Processes, 32, Rank, 30, vMem, 757084 KB, pMem, 366572 KB
slurm-3473684.out:Memory, Processes, 32, Rank, 24, vMem, 758048 KB, pMem, 367444 KB
slurm-3473684.out:Memory, Processes, 32, Rank, 25, vMem, 760012 KB, pMem, 369536 KB
slurm-3473684.out:Memory, Processes, 32, Rank, 26, vMem, 759636 KB, pMem, 368964 KB
slurm-3473684.out:Memory, Processes, 32, Rank, 7, vMem, 759784 KB, pMem, 369292 KB
slurm-3473684.out:Memory, Processes, 32, Rank, 23, vMem, 759232 KB, pMem, 368592 KB
slurm-3473684.out:Memory, Processes, 32, Rank, 15, vMem, 757772 KB, pMem, 367296 KB
slurm-3473684.out:Memory, Processes, 32, Rank, 19, vMem, 759288 KB, pMem, 368700 KB
slurm-3473684.out:Memory, Processes, 32, Rank, 31, vMem, 756524 KB, pMem, 366004 KB
slurm-3473684.out:Memory, Processes, 32, Rank, 3, vMem, 758288 KB, pMem, 367884 KB
slurm-3473684.out:Memory, Processes, 32, Rank, 27, vMem, 759672 KB, pMem, 369056 KB
slurm-3473684.out:Memory, Processes, 32, Rank, 8, vMem, 758332 KB, pMem, 367864 KB
slurm-3473684.out:Memory, Processes, 32, Rank, 9, vMem, 759648 KB, pMem, 369256 KB
slurm-3473684.out:Memory, Processes, 32, Rank, 10, vMem, 758044 KB, pMem, 367624 KB
slurm-3473684.out:Memory, Processes, 32, Rank, 11, vMem, 759516 KB, pMem, 369080 KB
slurm-3473685.out:Memory, Processes, 64, Rank, 0, vMem, 636664 KB, pMem, 229836 KB
slurm-3473685.out:Memory, Processes, 64, Rank, 6, vMem, 636664 KB, pMem, 229568 KB
slurm-3473685.out:Memory, Processes, 64, Rank, 4, vMem, 637656 KB, pMem, 230832 KB
slurm-3473685.out:Memory, Processes, 64, Rank, 2, vMem, 636004 KB, pMem, 231224 KB
slurm-3473685.out:Memory, Processes, 64, Rank, 16, vMem, 636512 KB, pMem, 229604 KB
slurm-3473685.out:Memory, Processes, 64, Rank, 18, vMem, 636828 KB, pMem, 229916 KB
slurm-3473685.out:Memory, Processes, 64, Rank, 20, vMem, 635796 KB, pMem, 228964 KB
slurm-3473685.out:Memory, Processes, 64, Rank, 22, vMem, 637140 KB, pMem, 230308 KB
slurm-3473685.out:Memory, Processes, 64, Rank, 48, vMem, 636616 KB, pMem, 229600 KB
slurm-3473685.out:Memory, Processes, 64, Rank, 50, vMem, 637756 KB, pMem, 230808 KB
slurm-3473685.out:Memory, Processes, 64, Rank, 52, vMem, 636864 KB, pMem, 229912 KB
slurm-3473685.out:Memory, Processes, 64, Rank, 54, vMem, 637312 KB, pMem, 230288 KB
slurm-3473685.out:Memory, Processes, 64, Rank, 1, vMem, 637220 KB, pMem, 232204 KB
slurm-3473685.out:Memory, Processes, 64, Rank, 5, vMem, 637484 KB, pMem, 230600 KB
slurm-3473685.out:Memory, Processes, 64, Rank, 7, vMem, 636680 KB, pMem, 229620 KB
slurm-3473685.out:Memory, Processes, 64, Rank, 3, vMem, 636200 KB, pMem, 229380 KB
slurm-3473685.out:Memory, Processes, 64, Rank, 17, vMem, 636284 KB, pMem, 229380 KB
slurm-3473685.out:Memory, Processes, 64, Rank, 49, vMem, 636360 KB, pMem, 229432 KB
slurm-3473685.out:Memory, Processes, 64, Rank, 21, vMem, 636888 KB, pMem, 230020 KB
slurm-3473685.out:Memory, Processes, 64, Rank, 53, vMem, 636912 KB, pMem, 229968 KB
slurm-3473685.out:Memory, Processes, 64, Rank, 23, vMem, 637080 KB, pMem, 230176 KB
slurm-3473685.out:Memory, Processes, 64, Rank, 19, vMem, 637692 KB, pMem, 230836 KB
slurm-3473685.out:Memory, Processes, 64, Rank, 51, vMem, 636576 KB, pMem, 229624 KB
slurm-3473685.out:Memory, Processes, 64, Rank, 55, vMem, 636440 KB, pMem, 229488 KB
slurm-3473685.out:Memory, Processes, 64, Rank, 32, vMem, 636676 KB, pMem, 229728 KB
slurm-3473685.out:Memory, Processes, 64, Rank, 34, vMem, 637312 KB, pMem, 230284 KB
slurm-3473685.out:Memory, Processes, 64, Rank, 36, vMem, 637868 KB, pMem, 230916 KB
slurm-3473685.out:Memory, Processes, 64, Rank, 38, vMem, 636220 KB, pMem, 229200 KB
slurm-3473685.out:Memory, Processes, 64, Rank, 33, vMem, 637280 KB, pMem, 230324 KB
slurm-3473685.out:Memory, Processes, 64, Rank, 37, vMem, 636228 KB, pMem, 229280 KB
slurm-3473685.out:Memory, Processes, 64, Rank, 39, vMem, 637352 KB, pMem, 230324 KB
slurm-3473685.out:Memory, Processes, 64, Rank, 35, vMem, 636300 KB, pMem, 229348 KB
slurm-3473685.out:Memory, Processes, 64, Rank, 8, vMem, 637508 KB, pMem, 230668 KB
slurm-3473685.out:Memory, Processes, 64, Rank, 10, vMem, 636136 KB, pMem, 229280 KB
slurm-3473685.out:Memory, Processes, 64, Rank, 12, vMem, 637512 KB, pMem, 230656 KB
slurm-3473685.out:Memory, Processes, 64, Rank, 14, vMem, 636688 KB, pMem, 229740 KB
slurm-3473685.out:Memory, Processes, 64, Rank, 9, vMem, 636828 KB, pMem, 229924 KB
slurm-3473685.out:Memory, Processes, 64, Rank, 15, vMem, 637400 KB, pMem, 230564 KB
slurm-3473685.out:Memory, Processes, 64, Rank, 13, vMem, 636672 KB, pMem, 229728 KB
slurm-3473685.out:Memory, Processes, 64, Rank, 11, vMem, 637388 KB, pMem, 230548 KB
slurm-3473685.out:Memory, Processes, 64, Rank, 40, vMem, 637648 KB, pMem, 230708 KB
slurm-3473685.out:Memory, Processes, 64, Rank, 42, vMem, 636536 KB, pMem, 229596 KB
slurm-3473685.out:Memory, Processes, 64, Rank, 44, vMem, 636024 KB, pMem, 229104 KB
slurm-3473685.out:Memory, Processes, 64, Rank, 46, vMem, 636588 KB, pMem, 229660 KB
slurm-3473685.out:Memory, Processes, 64, Rank, 47, vMem, 637348 KB, pMem, 230416 KB
slurm-3473685.out:Memory, Processes, 64, Rank, 41, vMem, 636216 KB, pMem, 229208 KB
slurm-3473685.out:Memory, Processes, 64, Rank, 45, vMem, 636840 KB, pMem, 229904 KB
slurm-3473685.out:Memory, Processes, 64, Rank, 43, vMem, 638012 KB, pMem, 231068 KB
slurm-3473685.out:Memory, Processes, 64, Rank, 56, vMem, 637356 KB, pMem, 230392 KB
slurm-3473685.out:Memory, Processes, 64, Rank, 58, vMem, 636412 KB, pMem, 229588 KB
slurm-3473685.out:Memory, Processes, 64, Rank, 60, vMem, 636672 KB, pMem, 231828 KB
slurm-3473685.out:Memory, Processes, 64, Rank, 62, vMem, 636832 KB, pMem, 229860 KB
slurm-3473685.out:Memory, Processes, 64, Rank, 57, vMem, 637744 KB, pMem, 230860 KB
slurm-3473685.out:Memory, Processes, 64, Rank, 63, vMem, 636452 KB, pMem, 229496 KB
slurm-3473685.out:Memory, Processes, 64, Rank, 59, vMem, 636100 KB, pMem, 231152 KB
slurm-3473685.out:Memory, Processes, 64, Rank, 61, vMem, 636764 KB, pMem, 231904 KB
slurm-3473685.out:Memory, Processes, 64, Rank, 24, vMem, 637064 KB, pMem, 230248 KB
slurm-3473685.out:Memory, Processes, 64, Rank, 26, vMem, 637256 KB, pMem, 230320 KB
slurm-3473685.out:Memory, Processes, 64, Rank, 28, vMem, 637012 KB, pMem, 230108 KB
slurm-3473685.out:Memory, Processes, 64, Rank, 30, vMem, 636572 KB, pMem, 229748 KB
slurm-3473685.out:Memory, Processes, 64, Rank, 25, vMem, 637444 KB, pMem, 230536 KB
slurm-3473685.out:Memory, Processes, 64, Rank, 31, vMem, 636288 KB, pMem, 229504 KB
slurm-3473685.out:Memory, Processes, 64, Rank, 27, vMem, 637072 KB, pMem, 230248 KB
slurm-3473685.out:Memory, Processes, 64, Rank, 29, vMem, 637472 KB, pMem, 230576 KB
slurm-3473686.out:Memory, Processes, 2, Rank, 0, vMem, 4756264 KB, pMem, 3144692 KB
slurm-3473686.out:Memory, Processes, 2, Rank, 1, vMem, 4756020 KB, pMem, 3086268 KB
slurm-3473687.out:Memory, Processes, 4, Rank, 0, vMem, 2626252 KB, pMem, 2235840 KB
slurm-3473687.out:Memory, Processes, 4, Rank, 1, vMem, 2624412 KB, pMem, 2233964 KB
slurm-3473687.out:Memory, Processes, 4, Rank, 2, vMem, 2624412 KB, pMem, 2233904 KB
slurm-3473687.out:Memory, Processes, 4, Rank, 3, vMem, 2622640 KB, pMem, 2232196 KB
slurm-3473688.out:Memory, Processes, 8, Rank, 0, vMem, 1566932 KB, pMem, 1160064 KB
slurm-3473688.out:Memory, Processes, 8, Rank, 1, vMem, 1569480 KB, pMem, 1162600 KB
slurm-3473688.out:Memory, Processes, 8, Rank, 2, vMem, 1566020 KB, pMem, 1159068 KB
slurm-3473688.out:Memory, Processes, 8, Rank, 3, vMem, 1567744 KB, pMem, 1160888 KB
slurm-3473688.out:Memory, Processes, 8, Rank, 4, vMem, 1567084 KB, pMem, 1160248 KB
slurm-3473688.out:Memory, Processes, 8, Rank, 5, vMem, 1568012 KB, pMem, 1161104 KB
slurm-3473688.out:Memory, Processes, 8, Rank, 6, vMem, 1567452 KB, pMem, 1160496 KB
slurm-3473688.out:Memory, Processes, 8, Rank, 7, vMem, 1566564 KB, pMem, 1159660 KB
slurm-3473689.out:Memory, Processes, 2, Rank, 0, vMem, 4766812 KB, pMem, 2945756 KB
slurm-3473689.out:Memory, Processes, 2, Rank, 1, vMem, 4764952 KB, pMem, 2965964 KB
slurm-3473690.out:Memory, Processes, 4, Rank, 0, vMem, 2638216 KB, pMem, 2255900 KB
slurm-3473690.out:Memory, Processes, 4, Rank, 2, vMem, 2635984 KB, pMem, 2253628 KB
slurm-3473690.out:Memory, Processes, 4, Rank, 1, vMem, 2635988 KB, pMem, 2253596 KB
slurm-3473690.out:Memory, Processes, 4, Rank, 3, vMem, 2634700 KB, pMem, 2252272 KB
slurm-3473691.out:Memory, Processes, 8, Rank, 3, vMem, 1571484 KB, pMem, 1180948 KB
slurm-3473691.out:Memory, Processes, 8, Rank, 2, vMem, 1569876 KB, pMem, 1179272 KB
slurm-3473691.out:Memory, Processes, 8, Rank, 0, vMem, 1570376 KB, pMem, 1179772 KB
slurm-3473691.out:Memory, Processes, 8, Rank, 4, vMem, 1570788 KB, pMem, 1180184 KB
slurm-3473691.out:Memory, Processes, 8, Rank, 6, vMem, 1571196 KB, pMem, 1180584 KB
slurm-3473691.out:Memory, Processes, 8, Rank, 7, vMem, 1570324 KB, pMem, 1179716 KB
slurm-3473691.out:Memory, Processes, 8, Rank, 1, vMem, 1573180 KB, pMem, 1182516 KB
slurm-3473691.out:Memory, Processes, 8, Rank, 5, vMem, 1571376 KB, pMem, 1180840 KB
slurm-3473693.out:Memory, Processes, 16, Rank, 0, vMem, 1046704 KB, pMem, 639772 KB
slurm-3473693.out:Memory, Processes, 16, Rank, 1, vMem, 1048004 KB, pMem, 641048 KB
slurm-3473693.out:Memory, Processes, 16, Rank, 2, vMem, 1048308 KB, pMem, 641304 KB
slurm-3473693.out:Memory, Processes, 16, Rank, 3, vMem, 1049456 KB, pMem, 642452 KB
slurm-3473693.out:Memory, Processes, 16, Rank, 4, vMem, 1047488 KB, pMem, 642600 KB
slurm-3473693.out:Memory, Processes, 16, Rank, 6, vMem, 1049536 KB, pMem, 642604 KB
slurm-3473693.out:Memory, Processes, 16, Rank, 7, vMem, 1047232 KB, pMem, 640304 KB
slurm-3473693.out:Memory, Processes, 16, Rank, 5, vMem, 1047504 KB, pMem, 640572 KB
slurm-3473693.out:Memory, Processes, 16, Rank, 8, vMem, 1047980 KB, pMem, 640976 KB
slurm-3473693.out:Memory, Processes, 16, Rank, 9, vMem, 1047808 KB, pMem, 640884 KB
slurm-3473693.out:Memory, Processes, 16, Rank, 10, vMem, 1049456 KB, pMem, 642448 KB
slurm-3473693.out:Memory, Processes, 16, Rank, 11, vMem, 1047212 KB, pMem, 640208 KB
slurm-3473693.out:Memory, Processes, 16, Rank, 12, vMem, 1047532 KB, pMem, 640524 KB
slurm-3473693.out:Memory, Processes, 16, Rank, 14, vMem, 1047484 KB, pMem, 640472 KB
slurm-3473693.out:Memory, Processes, 16, Rank, 15, vMem, 1047276 KB, pMem, 640344 KB
slurm-3473693.out:Memory, Processes, 16, Rank, 13, vMem, 1048628 KB, pMem, 641436 KB
slurm-3473694.out:Memory, Processes, 4, Rank, 0, vMem, 2627936 KB, pMem, 2255772 KB
slurm-3473694.out:Memory, Processes, 4, Rank, 1, vMem, 2626072 KB, pMem, 2253928 KB
slurm-3473694.out:Memory, Processes, 4, Rank, 2, vMem, 2626672 KB, pMem, 2254556 KB
slurm-3473694.out:Memory, Processes, 4, Rank, 3, vMem, 2622368 KB, pMem, 2250212 KB
slurm-3473695.out:Memory, Processes, 8, Rank, 1, vMem, 1564792 KB, pMem, 1182376 KB
slurm-3473695.out:Memory, Processes, 8, Rank, 3, vMem, 1563616 KB, pMem, 1181304 KB
slurm-3473695.out:Memory, Processes, 8, Rank, 5, vMem, 1563440 KB, pMem, 1181100 KB
slurm-3473695.out:Memory, Processes, 8, Rank, 7, vMem, 1561944 KB, pMem, 1179460 KB
slurm-3473695.out:Memory, Processes, 8, Rank, 4, vMem, 1562632 KB, pMem, 1180300 KB
slurm-3473695.out:Memory, Processes, 8, Rank, 0, vMem, 1561928 KB, pMem, 1179612 KB
slurm-3473695.out:Memory, Processes, 8, Rank, 6, vMem, 1563192 KB, pMem, 1180772 KB
slurm-3473695.out:Memory, Processes, 8, Rank, 2, vMem, 1561488 KB, pMem, 1179176 KB
slurm-3473696.out:Memory, Processes, 16, Rank, 1, vMem, 1031636 KB, pMem, 641112 KB
slurm-3473696.out:Memory, Processes, 16, Rank, 3, vMem, 1033064 KB, pMem, 642596 KB
slurm-3473696.out:Memory, Processes, 16, Rank, 0, vMem, 1030316 KB, pMem, 639832 KB
slurm-3473696.out:Memory, Processes, 16, Rank, 9, vMem, 1031536 KB, pMem, 641036 KB
slurm-3473696.out:Memory, Processes, 16, Rank, 11, vMem, 1031056 KB, pMem, 640524 KB
slurm-3473696.out:Memory, Processes, 16, Rank, 8, vMem, 1031556 KB, pMem, 641084 KB
slurm-3473696.out:Memory, Processes, 16, Rank, 2, vMem, 1031828 KB, pMem, 641272 KB
slurm-3473696.out:Memory, Processes, 16, Rank, 13, vMem, 1031872 KB, pMem, 641328 KB
slurm-3473696.out:Memory, Processes, 16, Rank, 15, vMem, 1030820 KB, pMem, 640280 KB
slurm-3473696.out:Memory, Processes, 16, Rank, 12, vMem, 1031312 KB, pMem, 640688 KB
slurm-3473696.out:Memory, Processes, 16, Rank, 10, vMem, 1033244 KB, pMem, 642604 KB
slurm-3473696.out:Memory, Processes, 16, Rank, 14, vMem, 1031136 KB, pMem, 640512 KB
slurm-3473696.out:Memory, Processes, 16, Rank, 5, vMem, 1030980 KB, pMem, 640452 KB
slurm-3473696.out:Memory, Processes, 16, Rank, 7, vMem, 1030604 KB, pMem, 640084 KB
slurm-3473696.out:Memory, Processes, 16, Rank, 4, vMem, 1031288 KB, pMem, 642712 KB
slurm-3473696.out:Memory, Processes, 16, Rank, 6, vMem, 1033244 KB, pMem, 642720 KB
slurm-3473697.out:Memory, Processes, 32, Rank, 0, vMem, 775720 KB, pMem, 368752 KB
slurm-3473697.out:Memory, Processes, 32, Rank, 1, vMem, 774176 KB, pMem, 367136 KB
slurm-3473697.out:Memory, Processes, 32, Rank, 3, vMem, 774924 KB, pMem, 367968 KB
slurm-3473697.out:Memory, Processes, 32, Rank, 4, vMem, 775920 KB, pMem, 368952 KB
slurm-3473697.out:Memory, Processes, 32, Rank, 6, vMem, 776460 KB, pMem, 369492 KB
slurm-3473697.out:Memory, Processes, 32, Rank, 7, vMem, 776160 KB, pMem, 369120 KB
slurm-3473697.out:Memory, Processes, 32, Rank, 5, vMem, 775820 KB, pMem, 368860 KB
slurm-3473697.out:Memory, Processes, 32, Rank, 16, vMem, 775876 KB, pMem, 368884 KB
slurm-3473697.out:Memory, Processes, 32, Rank, 17, vMem, 774848 KB, pMem, 367792 KB
slurm-3473697.out:Memory, Processes, 32, Rank, 19, vMem, 775912 KB, pMem, 368840 KB
slurm-3473697.out:Memory, Processes, 32, Rank, 20, vMem, 775812 KB, pMem, 368820 KB
slurm-3473697.out:Memory, Processes, 32, Rank, 22, vMem, 774380 KB, pMem, 367380 KB
slurm-3473697.out:Memory, Processes, 32, Rank, 23, vMem, 775540 KB, pMem, 368472 KB
slurm-3473697.out:Memory, Processes, 32, Rank, 21, vMem, 776556 KB, pMem, 369488 KB
slurm-3473697.out:Memory, Processes, 32, Rank, 9, vMem, 776152 KB, pMem, 369308 KB
slurm-3473697.out:Memory, Processes, 32, Rank, 11, vMem, 775660 KB, pMem, 368888 KB
slurm-3473697.out:Memory, Processes, 32, Rank, 15, vMem, 774432 KB, pMem, 367580 KB
slurm-3473697.out:Memory, Processes, 32, Rank, 8, vMem, 774580 KB, pMem, 367736 KB
slurm-3473697.out:Memory, Processes, 32, Rank, 12, vMem, 776456 KB, pMem, 369608 KB
slurm-3473697.out:Memory, Processes, 32, Rank, 13, vMem, 776860 KB, pMem, 370016 KB
slurm-3473697.out:Memory, Processes, 32, Rank, 14, vMem, 776316 KB, pMem, 369540 KB
slurm-3473697.out:Memory, Processes, 32, Rank, 24, vMem, 774436 KB, pMem, 369432 KB
slurm-3473697.out:Memory, Processes, 32, Rank, 25, vMem, 776248 KB, pMem, 369192 KB
slurm-3473697.out:Memory, Processes, 32, Rank, 27, vMem, 775888 KB, pMem, 368828 KB
slurm-3473697.out:Memory, Processes, 32, Rank, 28, vMem, 776476 KB, pMem, 369512 KB
slurm-3473697.out:Memory, Processes, 32, Rank, 29, vMem, 774696 KB, pMem, 367796 KB
slurm-3473697.out:Memory, Processes, 32, Rank, 30, vMem, 775300 KB, pMem, 368336 KB
slurm-3473697.out:Memory, Processes, 32, Rank, 31, vMem, 774872 KB, pMem, 367904 KB
slurm-3473697.out:Memory, Processes, 32, Rank, 2, vMem, 776300 KB, pMem, 369280 KB
slurm-3473697.out:Memory, Processes, 32, Rank, 18, vMem, 775760 KB, pMem, 368764 KB
slurm-3473697.out:Memory, Processes, 32, Rank, 10, vMem, 774436 KB, pMem, 367636 KB
slurm-3473697.out:Memory, Processes, 32, Rank, 26, vMem, 775712 KB, pMem, 368748 KB
slurm-3473698.out:Memory, Processes, 8, Rank, 2, vMem, 1551220 KB, pMem, 1181036 KB
slurm-3473698.out:Memory, Processes, 8, Rank, 6, vMem, 1552452 KB, pMem, 1180184 KB
slurm-3473698.out:Memory, Processes, 8, Rank, 3, vMem, 1553340 KB, pMem, 1181168 KB
slurm-3473698.out:Memory, Processes, 8, Rank, 1, vMem, 1554520 KB, pMem, 1182364 KB
slurm-3473698.out:Memory, Processes, 8, Rank, 5, vMem, 1553744 KB, pMem, 1181544 KB
slurm-3473698.out:Memory, Processes, 8, Rank, 7, vMem, 1551912 KB, pMem, 1179772 KB
slurm-3473698.out:Memory, Processes, 8, Rank, 0, vMem, 1517856 KB, pMem, 1145872 KB
slurm-3473698.out:Memory, Processes, 8, Rank, 4, vMem, 1552304 KB, pMem, 1180184 KB
slurm-3473699.out:Memory, Processes, 16, Rank, 1, vMem, 1023480 KB, pMem, 641128 KB
slurm-3473699.out:Memory, Processes, 16, Rank, 9, vMem, 1023516 KB, pMem, 641128 KB
slurm-3473699.out:Memory, Processes, 16, Rank, 0, vMem, 1022128 KB, pMem, 639616 KB
slurm-3473699.out:Memory, Processes, 16, Rank, 8, vMem, 1023400 KB, pMem, 641008 KB
slurm-3473699.out:Memory, Processes, 16, Rank, 2, vMem, 1023676 KB, pMem, 641428 KB
slurm-3473699.out:Memory, Processes, 16, Rank, 3, vMem, 1025056 KB, pMem, 642756 KB
slurm-3473699.out:Memory, Processes, 16, Rank, 6, vMem, 1025276 KB, pMem, 642916 KB
slurm-3473699.out:Memory, Processes, 16, Rank, 10, vMem, 1024980 KB, pMem, 642568 KB
slurm-3473699.out:Memory, Processes, 16, Rank, 11, vMem, 1022712 KB, pMem, 640304 KB
slurm-3473699.out:Memory, Processes, 16, Rank, 7, vMem, 1022700 KB, pMem, 640332 KB
slurm-3473699.out:Memory, Processes, 16, Rank, 12, vMem, 1023044 KB, pMem, 640612 KB
slurm-3473699.out:Memory, Processes, 16, Rank, 13, vMem, 1023968 KB, pMem, 641536 KB
slurm-3473699.out:Memory, Processes, 16, Rank, 4, vMem, 1023024 KB, pMem, 640652 KB
slurm-3473699.out:Memory, Processes, 16, Rank, 5, vMem, 1022752 KB, pMem, 640380 KB
slurm-3473699.out:Memory, Processes, 16, Rank, 14, vMem, 1020972 KB, pMem, 638392 KB
slurm-3473699.out:Memory, Processes, 16, Rank, 15, vMem, 1020604 KB, pMem, 638260 KB
slurm-3473700.out:Memory, Processes, 32, Rank, 1, vMem, 757948 KB, pMem, 367372 KB
slurm-3473700.out:Memory, Processes, 32, Rank, 3, vMem, 758552 KB, pMem, 367992 KB
slurm-3473700.out:Memory, Processes, 32, Rank, 0, vMem, 759364 KB, pMem, 368872 KB
slurm-3473700.out:Memory, Processes, 32, Rank, 17, vMem, 758576 KB, pMem, 368028 KB
slurm-3473700.out:Memory, Processes, 32, Rank, 19, vMem, 759264 KB, pMem, 368748 KB
slurm-3473700.out:Memory, Processes, 32, Rank, 16, vMem, 759400 KB, pMem, 368812 KB
slurm-3473700.out:Memory, Processes, 32, Rank, 4, vMem, 759680 KB, pMem, 369196 KB
slurm-3473700.out:Memory, Processes, 32, Rank, 5, vMem, 759460 KB, pMem, 370952 KB
slurm-3473700.out:Memory, Processes, 32, Rank, 7, vMem, 759700 KB, pMem, 369132 KB
slurm-3473700.out:Memory, Processes, 32, Rank, 24, vMem, 758056 KB, pMem, 367336 KB
slurm-3473700.out:Memory, Processes, 32, Rank, 25, vMem, 759856 KB, pMem, 369140 KB
slurm-3473700.out:Memory, Processes, 32, Rank, 27, vMem, 759492 KB, pMem, 368840 KB
slurm-3473700.out:Memory, Processes, 32, Rank, 2, vMem, 759680 KB, pMem, 369120 KB
slurm-3473700.out:Memory, Processes, 32, Rank, 18, vMem, 759144 KB, pMem, 368628 KB
slurm-3473700.out:Memory, Processes, 32, Rank, 6, vMem, 759596 KB, pMem, 369120 KB
slurm-3473700.out:Memory, Processes, 32, Rank, 20, vMem, 759644 KB, pMem, 369152 KB
slurm-3473700.out:Memory, Processes, 32, Rank, 26, vMem, 759492 KB, pMem, 368840 KB
slurm-3473700.out:Memory, Processes, 32, Rank, 21, vMem, 760164 KB, pMem, 369544 KB
slurm-3473700.out:Memory, Processes, 32, Rank, 23, vMem, 759176 KB, pMem, 368764 KB
slurm-3473700.out:Memory, Processes, 32, Rank, 22, vMem, 758100 KB, pMem, 367604 KB
slurm-3473700.out:Memory, Processes, 32, Rank, 28, vMem, 760192 KB, pMem, 369540 KB
slurm-3473700.out:Memory, Processes, 32, Rank, 29, vMem, 758296 KB, pMem, 369676 KB
slurm-3473700.out:Memory, Processes, 32, Rank, 31, vMem, 758496 KB, pMem, 367780 KB
slurm-3473700.out:Memory, Processes, 32, Rank, 30, vMem, 759100 KB, pMem, 368424 KB
slurm-3473700.out:Memory, Processes, 32, Rank, 12, vMem, 760092 KB, pMem, 369512 KB
slurm-3473700.out:Memory, Processes, 32, Rank, 13, vMem, 760188 KB, pMem, 369600 KB
slurm-3473700.out:Memory, Processes, 32, Rank, 15, vMem, 757916 KB, pMem, 367340 KB
slurm-3473700.out:Memory, Processes, 32, Rank, 14, vMem, 759676 KB, pMem, 369156 KB
slurm-3473700.out:Memory, Processes, 32, Rank, 8, vMem, 758168 KB, pMem, 367724 KB
slurm-3473700.out:Memory, Processes, 32, Rank, 9, vMem, 759776 KB, pMem, 369252 KB
slurm-3473700.out:Memory, Processes, 32, Rank, 11, vMem, 759664 KB, pMem, 369220 KB
slurm-3473700.out:Memory, Processes, 32, Rank, 10, vMem, 758020 KB, pMem, 367572 KB
slurm-3473701.out:Memory, Processes, 64, Rank, 0, vMem, 636808 KB, pMem, 231988 KB
slurm-3473701.out:Memory, Processes, 64, Rank, 3, vMem, 636176 KB, pMem, 229304 KB
slurm-3473701.out:Memory, Processes, 64, Rank, 6, vMem, 636752 KB, pMem, 231924 KB
slurm-3473701.out:Memory, Processes, 64, Rank, 7, vMem, 636808 KB, pMem, 231900 KB
slurm-3473701.out:Memory, Processes, 64, Rank, 4, vMem, 637820 KB, pMem, 230876 KB
slurm-3473701.out:Memory, Processes, 64, Rank, 5, vMem, 637364 KB, pMem, 232492 KB
slurm-3473701.out:Memory, Processes, 64, Rank, 1, vMem, 637384 KB, pMem, 230504 KB
slurm-3473701.out:Memory, Processes, 64, Rank, 32, vMem, 636840 KB, pMem, 229616 KB
slurm-3473701.out:Memory, Processes, 64, Rank, 35, vMem, 636188 KB, pMem, 229128 KB
slurm-3473701.out:Memory, Processes, 64, Rank, 38, vMem, 636220 KB, pMem, 229140 KB
slurm-3473701.out:Memory, Processes, 64, Rank, 39, vMem, 637676 KB, pMem, 230728 KB
slurm-3473701.out:Memory, Processes, 64, Rank, 33, vMem, 637456 KB, pMem, 230480 KB
slurm-3473701.out:Memory, Processes, 64, Rank, 36, vMem, 637868 KB, pMem, 230656 KB
slurm-3473701.out:Memory, Processes, 64, Rank, 37, vMem, 636296 KB, pMem, 229436 KB
slurm-3473701.out:Memory, Processes, 64, Rank, 16, vMem, 636404 KB, pMem, 229508 KB
slurm-3473701.out:Memory, Processes, 64, Rank, 17, vMem, 636396 KB, pMem, 229500 KB
slurm-3473701.out:Memory, Processes, 64, Rank, 19, vMem, 637384 KB, pMem, 230416 KB
slurm-3473701.out:Memory, Processes, 64, Rank, 20, vMem, 635896 KB, pMem, 228932 KB
slurm-3473701.out:Memory, Processes, 64, Rank, 21, vMem, 637012 KB, pMem, 230096 KB
slurm-3473701.out:Memory, Processes, 64, Rank, 22, vMem, 637280 KB, pMem, 230328 KB
slurm-3473701.out:Memory, Processes, 64, Rank, 23, vMem, 636780 KB, pMem, 229896 KB
slurm-3473701.out:Memory, Processes, 64, Rank, 8, vMem, 637512 KB, pMem, 232488 KB
slurm-3473701.out:Memory, Processes, 64, Rank, 9, vMem, 636828 KB, pMem, 229672 KB
slurm-3473701.out:Memory, Processes, 64, Rank, 12, vMem, 637620 KB, pMem, 230612 KB
slurm-3473701.out:Memory, Processes, 64, Rank, 13, vMem, 636668 KB, pMem, 229716 KB
slurm-3473701.out:Memory, Processes, 64, Rank, 14, vMem, 636692 KB, pMem, 231624 KB
slurm-3473701.out:Memory, Processes, 64, Rank, 15, vMem, 637396 KB, pMem, 230336 KB
slurm-3473701.out:Memory, Processes, 64, Rank, 11, vMem, 637392 KB, pMem, 230488 KB
slurm-3473701.out:Memory, Processes, 64, Rank, 40, vMem, 637516 KB, pMem, 230528 KB
slurm-3473701.out:Memory, Processes, 64, Rank, 41, vMem, 636236 KB, pMem, 229184 KB
slurm-3473701.out:Memory, Processes, 64, Rank, 44, vMem, 635952 KB, pMem, 230936 KB
slurm-3473701.out:Memory, Processes, 64, Rank, 45, vMem, 636696 KB, pMem, 229708 KB
slurm-3473701.out:Memory, Processes, 64, Rank, 46, vMem, 636688 KB, pMem, 229724 KB
slurm-3473701.out:Memory, Processes, 64, Rank, 47, vMem, 637420 KB, pMem, 230360 KB
slurm-3473701.out:Memory, Processes, 64, Rank, 43, vMem, 637888 KB, pMem, 230864 KB
slurm-3473701.out:Memory, Processes, 64, Rank, 27, vMem, 637068 KB, pMem, 230136 KB
slurm-3473701.out:Memory, Processes, 64, Rank, 28, vMem, 636916 KB, pMem, 230064 KB
slurm-3473701.out:Memory, Processes, 64, Rank, 29, vMem, 637492 KB, pMem, 230568 KB
slurm-3473701.out:Memory, Processes, 64, Rank, 30, vMem, 636576 KB, pMem, 229632 KB
slurm-3473701.out:Memory, Processes, 64, Rank, 31, vMem, 636136 KB, pMem, 229204 KB
slurm-3473701.out:Memory, Processes, 64, Rank, 24, vMem, 637072 KB, pMem, 230088 KB
slurm-3473701.out:Memory, Processes, 64, Rank, 25, vMem, 637448 KB, pMem, 230584 KB
slurm-3473701.out:Memory, Processes, 64, Rank, 49, vMem, 636336 KB, pMem, 229508 KB
slurm-3473701.out:Memory, Processes, 64, Rank, 48, vMem, 636640 KB, pMem, 229808 KB
slurm-3473701.out:Memory, Processes, 64, Rank, 51, vMem, 636728 KB, pMem, 229804 KB
slurm-3473701.out:Memory, Processes, 64, Rank, 52, vMem, 637276 KB, pMem, 230376 KB
slurm-3473701.out:Memory, Processes, 64, Rank, 53, vMem, 636896 KB, pMem, 230056 KB
slurm-3473701.out:Memory, Processes, 64, Rank, 54, vMem, 637172 KB, pMem, 230264 KB
slurm-3473701.out:Memory, Processes, 64, Rank, 55, vMem, 636448 KB, pMem, 229612 KB
slurm-3473701.out:Memory, Processes, 64, Rank, 18, vMem, 636840 KB, pMem, 229880 KB
slurm-3473701.out:Memory, Processes, 64, Rank, 26, vMem, 637252 KB, pMem, 230320 KB
slurm-3473701.out:Memory, Processes, 64, Rank, 50, vMem, 637888 KB, pMem, 231076 KB
slurm-3473701.out:Memory, Processes, 64, Rank, 56, vMem, 635248 KB, pMem, 228428 KB
slurm-3473701.out:Memory, Processes, 64, Rank, 59, vMem, 633984 KB, pMem, 227188 KB
slurm-3473701.out:Memory, Processes, 64, Rank, 60, vMem, 634600 KB, pMem, 227524 KB
slurm-3473701.out:Memory, Processes, 64, Rank, 61, vMem, 634804 KB, pMem, 227996 KB
slurm-3473701.out:Memory, Processes, 64, Rank, 2, vMem, 635888 KB, pMem, 229016 KB
slurm-3473701.out:Memory, Processes, 64, Rank, 62, vMem, 634720 KB, pMem, 227620 KB
slurm-3473701.out:Memory, Processes, 64, Rank, 63, vMem, 634376 KB, pMem, 227372 KB
slurm-3473701.out:Memory, Processes, 64, Rank, 57, vMem, 635628 KB, pMem, 228584 KB
slurm-3473701.out:Memory, Processes, 64, Rank, 58, vMem, 634300 KB, pMem, 227524 KB
slurm-3473701.out:Memory, Processes, 64, Rank, 34, vMem, 637288 KB, pMem, 230336 KB
slurm-3473701.out:Memory, Processes, 64, Rank, 10, vMem, 636140 KB, pMem, 229092 KB
slurm-3473701.out:Memory, Processes, 64, Rank, 42, vMem, 636548 KB, pMem, 229664 KB
slurm-3473702.out:Memory, Processes, 2, Rank, 1, vMem, 4755748 KB, pMem, 3064564 KB
slurm-3473702.out:Memory, Processes, 2, Rank, 0, vMem, 4756264 KB, pMem, 3155712 KB
slurm-3473703.out:Memory, Processes, 4, Rank, 0, vMem, 2626252 KB, pMem, 2235804 KB
slurm-3473703.out:Memory, Processes, 4, Rank, 1, vMem, 2624148 KB, pMem, 2233636 KB
slurm-3473703.out:Memory, Processes, 4, Rank, 2, vMem, 2624412 KB, pMem, 2233880 KB
slurm-3473703.out:Memory, Processes, 4, Rank, 3, vMem, 2622908 KB, pMem, 2232352 KB
slurm-3473704.out:Memory, Processes, 8, Rank, 0, vMem, 1566928 KB, pMem, 1160040 KB
slurm-3473704.out:Memory, Processes, 8, Rank, 1, vMem, 1569460 KB, pMem, 1162620 KB
slurm-3473704.out:Memory, Processes, 8, Rank, 2, vMem, 1566012 KB, pMem, 1159112 KB
slurm-3473704.out:Memory, Processes, 8, Rank, 3, vMem, 1568004 KB, pMem, 1163140 KB
slurm-3473704.out:Memory, Processes, 8, Rank, 4, vMem, 1567084 KB, pMem, 1160244 KB
slurm-3473704.out:Memory, Processes, 8, Rank, 5, vMem, 1568008 KB, pMem, 1161136 KB
slurm-3473704.out:Memory, Processes, 8, Rank, 6, vMem, 1567172 KB, pMem, 1160308 KB
slurm-3473704.out:Memory, Processes, 8, Rank, 7, vMem, 1566564 KB, pMem, 1159664 KB
slurm-3473705.out:Memory, Processes, 2, Rank, 0, vMem, 4766656 KB, pMem, 2954256 KB
slurm-3473705.out:Memory, Processes, 2, Rank, 1, vMem, 4764952 KB, pMem, 2899280 KB
slurm-3473706.out:Memory, Processes, 4, Rank, 1, vMem, 2635996 KB, pMem, 2253564 KB
slurm-3473706.out:Memory, Processes, 4, Rank, 3, vMem, 2634496 KB, pMem, 2252088 KB
slurm-3473706.out:Memory, Processes, 4, Rank, 0, vMem, 2637520 KB, pMem, 2255088 KB
slurm-3473706.out:Memory, Processes, 4, Rank, 2, vMem, 2636252 KB, pMem, 2253888 KB
slurm-3473707.out:Memory, Processes, 8, Rank, 0, vMem, 1569940 KB, pMem, 1179420 KB
slurm-3473707.out:Memory, Processes, 8, Rank, 1, vMem, 1573088 KB, pMem, 1182476 KB
slurm-3473707.out:Memory, Processes, 8, Rank, 2, vMem, 1569884 KB, pMem, 1179280 KB
slurm-3473707.out:Memory, Processes, 8, Rank, 4, vMem, 1570612 KB, pMem, 1180080 KB
slurm-3473707.out:Memory, Processes, 8, Rank, 5, vMem, 1571696 KB, pMem, 1181160 KB
slurm-3473707.out:Memory, Processes, 8, Rank, 6, vMem, 1571224 KB, pMem, 1180612 KB
slurm-3473707.out:Memory, Processes, 8, Rank, 3, vMem, 1571776 KB, pMem, 1181168 KB
slurm-3473707.out:Memory, Processes, 8, Rank, 7, vMem, 1570220 KB, pMem, 1179540 KB
slurm-3473708.out:Memory, Processes, 16, Rank, 0, vMem, 1046676 KB, pMem, 639768 KB
slurm-3473708.out:Memory, Processes, 16, Rank, 2, vMem, 1048176 KB, pMem, 641256 KB
slurm-3473708.out:Memory, Processes, 16, Rank, 4, vMem, 1047804 KB, pMem, 640816 KB
slurm-3473708.out:Memory, Processes, 16, Rank, 7, vMem, 1047236 KB, pMem, 640324 KB
slurm-3473708.out:Memory, Processes, 16, Rank, 8, vMem, 1046032 KB, pMem, 639084 KB
slurm-3473708.out:Memory, Processes, 16, Rank, 10, vMem, 1047104 KB, pMem, 640148 KB
slurm-3473708.out:Memory, Processes, 16, Rank, 12, vMem, 1045340 KB, pMem, 638384 KB
slurm-3473708.out:Memory, Processes, 16, Rank, 14, vMem, 1045372 KB, pMem, 638328 KB
slurm-3473708.out:Memory, Processes, 16, Rank, 15, vMem, 1045356 KB, pMem, 638328 KB
slurm-3473708.out:Memory, Processes, 16, Rank, 5, vMem, 1047412 KB, pMem, 640428 KB
slurm-3473708.out:Memory, Processes, 16, Rank, 6, vMem, 1049396 KB, pMem, 642476 KB
slurm-3473708.out:Memory, Processes, 16, Rank, 3, vMem, 1049456 KB, pMem, 642548 KB
slurm-3473708.out:Memory, Processes, 16, Rank, 11, vMem, 1045196 KB, pMem, 638168 KB
slurm-3473708.out:Memory, Processes, 16, Rank, 13, vMem, 1046384 KB, pMem, 639352 KB
slurm-3473708.out:Memory, Processes, 16, Rank, 1, vMem, 1047744 KB, pMem, 640916 KB
slurm-3473708.out:Memory, Processes, 16, Rank, 9, vMem, 1046184 KB, pMem, 639152 KB
slurm-3473709.out:Memory, Processes, 4, Rank, 3, vMem, 2624596 KB, pMem, 2252352 KB
slurm-3473709.out:Memory, Processes, 4, Rank, 1, vMem, 2625696 KB, pMem, 2253536 KB
slurm-3473709.out:Memory, Processes, 4, Rank, 2, vMem, 2626100 KB, pMem, 2253836 KB
slurm-3473709.out:Memory, Processes, 4, Rank, 0, vMem, 2627832 KB, pMem, 2255656 KB
slurm-3473710.out:Memory, Processes, 8, Rank, 1, vMem, 1564652 KB, pMem, 1182240 KB
slurm-3473710.out:Memory, Processes, 8, Rank, 3, vMem, 1563604 KB, pMem, 1183308 KB
slurm-3473710.out:Memory, Processes, 8, Rank, 2, vMem, 1561724 KB, pMem, 1179312 KB
slurm-3473710.out:Memory, Processes, 8, Rank, 7, vMem, 1559776 KB, pMem, 1177364 KB
slurm-3473710.out:Memory, Processes, 8, Rank, 0, vMem, 1561792 KB, pMem, 1179476 KB
slurm-3473710.out:Memory, Processes, 8, Rank, 6, vMem, 1561048 KB, pMem, 1178576 KB
slurm-3473710.out:Memory, Processes, 8, Rank, 5, vMem, 1563500 KB, pMem, 1181164 KB
slurm-3473710.out:Memory, Processes, 8, Rank, 4, vMem, 1562628 KB, pMem, 1182336 KB
slurm-3473711.out:Memory, Processes, 16, Rank, 0, vMem, 1030444 KB, pMem, 639896 KB
slurm-3473711.out:Memory, Processes, 16, Rank, 2, vMem, 1032112 KB, pMem, 641592 KB
slurm-3473711.out:Memory, Processes, 16, Rank, 1, vMem, 1031496 KB, pMem, 641040 KB
slurm-3473711.out:Memory, Processes, 16, Rank, 4, vMem, 1031172 KB, pMem, 640612 KB
slurm-3473711.out:Memory, Processes, 16, Rank, 5, vMem, 1031000 KB, pMem, 640440 KB
slurm-3473711.out:Memory, Processes, 16, Rank, 6, vMem, 1033148 KB, pMem, 642660 KB
slurm-3473711.out:Memory, Processes, 16, Rank, 12, vMem, 1031240 KB, pMem, 640728 KB
slurm-3473711.out:Memory, Processes, 16, Rank, 13, vMem, 1032000 KB, pMem, 641484 KB
slurm-3473711.out:Memory, Processes, 16, Rank, 14, vMem, 1031024 KB, pMem, 640340 KB
slurm-3473711.out:Memory, Processes, 16, Rank, 8, vMem, 1031568 KB, pMem, 640920 KB
slurm-3473711.out:Memory, Processes, 16, Rank, 9, vMem, 1031532 KB, pMem, 640984 KB
slurm-3473711.out:Memory, Processes, 16, Rank, 10, vMem, 1033232 KB, pMem, 642656 KB
slurm-3473711.out:Memory, Processes, 16, Rank, 3, vMem, 1032932 KB, pMem, 642428 KB
slurm-3473711.out:Memory, Processes, 16, Rank, 7, vMem, 1030812 KB, pMem, 640256 KB
slurm-3473711.out:Memory, Processes, 16, Rank, 11, vMem, 1030752 KB, pMem, 640208 KB
slurm-3473711.out:Memory, Processes, 16, Rank, 15, vMem, 1030808 KB, pMem, 640356 KB
slurm-3473712.out:Memory, Processes, 32, Rank, 23, vMem, 775788 KB, pMem, 368724 KB
slurm-3473712.out:Memory, Processes, 32, Rank, 9, vMem, 776148 KB, pMem, 369316 KB
slurm-3473712.out:Memory, Processes, 32, Rank, 1, vMem, 774148 KB, pMem, 367180 KB
slurm-3473712.out:Memory, Processes, 32, Rank, 2, vMem, 776012 KB, pMem, 369116 KB
slurm-3473712.out:Memory, Processes, 32, Rank, 6, vMem, 776332 KB, pMem, 369512 KB
slurm-3473712.out:Memory, Processes, 32, Rank, 7, vMem, 776220 KB, pMem, 369184 KB
slurm-3473712.out:Memory, Processes, 32, Rank, 22, vMem, 774484 KB, pMem, 367488 KB
slurm-3473712.out:Memory, Processes, 32, Rank, 17, vMem, 774848 KB, pMem, 367784 KB
slurm-3473712.out:Memory, Processes, 32, Rank, 0, vMem, 776012 KB, pMem, 369124 KB
slurm-3473712.out:Memory, Processes, 32, Rank, 18, vMem, 775764 KB, pMem, 368764 KB
slurm-3473712.out:Memory, Processes, 32, Rank, 16, vMem, 775876 KB, pMem, 368884 KB
slurm-3473712.out:Memory, Processes, 32, Rank, 21, vMem, 776836 KB, pMem, 369768 KB
slurm-3473712.out:Memory, Processes, 32, Rank, 5, vMem, 775844 KB, pMem, 369040 KB
slurm-3473712.out:Memory, Processes, 32, Rank, 3, vMem, 774792 KB, pMem, 368004 KB
slurm-3473712.out:Memory, Processes, 32, Rank, 19, vMem, 775752 KB, pMem, 368684 KB
slurm-3473712.out:Memory, Processes, 32, Rank, 24, vMem, 774524 KB, pMem, 367552 KB
slurm-3473712.out:Memory, Processes, 32, Rank, 25, vMem, 776204 KB, pMem, 369220 KB
slurm-3473712.out:Memory, Processes, 32, Rank, 27, vMem, 776132 KB, pMem, 369080 KB
slurm-3473712.out:Memory, Processes, 32, Rank, 29, vMem, 774412 KB, pMem, 367432 KB
slurm-3473712.out:Memory, Processes, 32, Rank, 30, vMem, 775584 KB, pMem, 368540 KB
slurm-3473712.out:Memory, Processes, 32, Rank, 31, vMem, 774876 KB, pMem, 367920 KB
slurm-3473712.out:Memory, Processes, 32, Rank, 8, vMem, 774584 KB, pMem, 367708 KB
slurm-3473712.out:Memory, Processes, 32, Rank, 11, vMem, 775656 KB, pMem, 368852 KB
slurm-3473712.out:Memory, Processes, 32, Rank, 26, vMem, 775844 KB, pMem, 370908 KB
slurm-3473712.out:Memory, Processes, 32, Rank, 13, vMem, 776748 KB, pMem, 369872 KB
slurm-3473712.out:Memory, Processes, 32, Rank, 14, vMem, 776424 KB, pMem, 369556 KB
slurm-3473712.out:Memory, Processes, 32, Rank, 15, vMem, 774300 KB, pMem, 367548 KB
slurm-3473712.out:Memory, Processes, 32, Rank, 10, vMem, 774440 KB, pMem, 367572 KB
slurm-3473712.out:Memory, Processes, 32, Rank, 4, vMem, 776168 KB, pMem, 369184 KB
slurm-3473712.out:Memory, Processes, 32, Rank, 12, vMem, 776464 KB, pMem, 369588 KB
slurm-3473712.out:Memory, Processes, 32, Rank, 20, vMem, 775620 KB, pMem, 368628 KB
slurm-3473712.out:Memory, Processes, 32, Rank, 28, vMem, 776716 KB, pMem, 369744 KB
slurm-3473713.out:Memory, Processes, 8, Rank, 1, vMem, 1520696 KB, pMem, 1148660 KB
slurm-3473713.out:Memory, Processes, 8, Rank, 0, vMem, 1517856 KB, pMem, 1145872 KB
slurm-3473713.out:Memory, Processes, 8, Rank, 5, vMem, 1553452 KB, pMem, 1181380 KB
slurm-3473713.out:Memory, Processes, 8, Rank, 4, vMem, 1552296 KB, pMem, 1179992 KB
slurm-3473713.out:Memory, Processes, 8, Rank, 2, vMem, 1517192 KB, pMem, 1145184 KB
slurm-3473713.out:Memory, Processes, 8, Rank, 6, vMem, 1552968 KB, pMem, 1180692 KB
slurm-3473713.out:Memory, Processes, 8, Rank, 7, vMem, 1549684 KB, pMem, 1177612 KB
slurm-3473713.out:Memory, Processes, 8, Rank, 3, vMem, 1553196 KB, pMem, 1181084 KB
slurm-3473714.out:Memory, Processes, 16, Rank, 0, vMem, 1022144 KB, pMem, 639840 KB
slurm-3473714.out:Memory, Processes, 16, Rank, 4, vMem, 1022968 KB, pMem, 640724 KB
slurm-3473714.out:Memory, Processes, 16, Rank, 8, vMem, 1023500 KB, pMem, 641272 KB
slurm-3473714.out:Memory, Processes, 16, Rank, 12, vMem, 1023024 KB, pMem, 640564 KB
slurm-3473714.out:Memory, Processes, 16, Rank, 10, vMem, 1024940 KB, pMem, 642544 KB
slurm-3473714.out:Memory, Processes, 16, Rank, 2, vMem, 1023668 KB, pMem, 641412 KB
slurm-3473714.out:Memory, Processes, 16, Rank, 1, vMem, 1023356 KB, pMem, 641096 KB
slurm-3473714.out:Memory, Processes, 16, Rank, 3, vMem, 1025044 KB, pMem, 642788 KB
slurm-3473714.out:Memory, Processes, 16, Rank, 5, vMem, 1022964 KB, pMem, 642688 KB
slurm-3473714.out:Memory, Processes, 16, Rank, 9, vMem, 1023396 KB, pMem, 640948 KB
slurm-3473714.out:Memory, Processes, 16, Rank, 11, vMem, 1022776 KB, pMem, 640456 KB
slurm-3473714.out:Memory, Processes, 16, Rank, 13, vMem, 1023840 KB, pMem, 641312 KB
slurm-3473714.out:Memory, Processes, 16, Rank, 6, vMem, 1025008 KB, pMem, 642748 KB
slurm-3473714.out:Memory, Processes, 16, Rank, 7, vMem, 1022664 KB, pMem, 640348 KB
slurm-3473714.out:Memory, Processes, 16, Rank, 14, vMem, 1022812 KB, pMem, 640456 KB
slurm-3473714.out:Memory, Processes, 16, Rank, 15, vMem, 1022724 KB, pMem, 640396 KB
slurm-3473715.out:Memory, Processes, 32, Rank, 0, vMem, 759508 KB, pMem, 368948 KB
slurm-3473715.out:Memory, Processes, 32, Rank, 1, vMem, 757656 KB, pMem, 367156 KB
slurm-3473715.out:Memory, Processes, 32, Rank, 3, vMem, 758412 KB, pMem, 367944 KB
slurm-3473715.out:Memory, Processes, 32, Rank, 16, vMem, 759384 KB, pMem, 368876 KB
slurm-3473715.out:Memory, Processes, 32, Rank, 17, vMem, 758764 KB, pMem, 368068 KB
slurm-3473715.out:Memory, Processes, 32, Rank, 19, vMem, 759384 KB, pMem, 368768 KB
slurm-3473715.out:Memory, Processes, 32, Rank, 8, vMem, 758296 KB, pMem, 367780 KB
slurm-3473715.out:Memory, Processes, 32, Rank, 9, vMem, 759788 KB, pMem, 369332 KB
slurm-3473715.out:Memory, Processes, 32, Rank, 13, vMem, 760180 KB, pMem, 371700 KB
slurm-3473715.out:Memory, Processes, 32, Rank, 11, vMem, 759392 KB, pMem, 368948 KB
slurm-3473715.out:Memory, Processes, 32, Rank, 24, vMem, 758140 KB, pMem, 367424 KB
slurm-3473715.out:Memory, Processes, 32, Rank, 25, vMem, 759844 KB, pMem, 369072 KB
slurm-3473715.out:Memory, Processes, 32, Rank, 27, vMem, 759644 KB, pMem, 368924 KB
slurm-3473715.out:Memory, Processes, 32, Rank, 20, vMem, 759540 KB, pMem, 368848 KB
slurm-3473715.out:Memory, Processes, 32, Rank, 21, vMem, 760404 KB, pMem, 369780 KB
slurm-3473715.out:Memory, Processes, 32, Rank, 23, vMem, 759172 KB, pMem, 368544 KB
slurm-3473715.out:Memory, Processes, 32, Rank, 29, vMem, 758300 KB, pMem, 367636 KB
slurm-3473715.out:Memory, Processes, 32, Rank, 15, vMem, 757812 KB, pMem, 367288 KB
slurm-3473715.out:Memory, Processes, 32, Rank, 4, vMem, 759676 KB, pMem, 369196 KB
slurm-3473715.out:Memory, Processes, 32, Rank, 5, vMem, 759460 KB, pMem, 368908 KB
slurm-3473715.out:Memory, Processes, 32, Rank, 7, vMem, 759644 KB, pMem, 369164 KB
slurm-3473715.out:Memory, Processes, 32, Rank, 12, vMem, 760080 KB, pMem, 369500 KB
slurm-3473715.out:Memory, Processes, 32, Rank, 31, vMem, 758512 KB, pMem, 369824 KB
slurm-3473715.out:Memory, Processes, 32, Rank, 28, vMem, 760184 KB, pMem, 369528 KB
slurm-3473715.out:Memory, Processes, 32, Rank, 2, vMem, 759772 KB, pMem, 369220 KB
slurm-3473715.out:Memory, Processes, 32, Rank, 18, vMem, 759392 KB, pMem, 368768 KB
slurm-3473715.out:Memory, Processes, 32, Rank, 6, vMem, 760144 KB, pMem, 369596 KB
slurm-3473715.out:Memory, Processes, 32, Rank, 22, vMem, 758076 KB, pMem, 367452 KB
slurm-3473715.out:Memory, Processes, 32, Rank, 14, vMem, 759676 KB, pMem, 369160 KB
slurm-3473715.out:Memory, Processes, 32, Rank, 10, vMem, 758048 KB, pMem, 367524 KB
slurm-3473715.out:Memory, Processes, 32, Rank, 30, vMem, 759088 KB, pMem, 368320 KB
slurm-3473715.out:Memory, Processes, 32, Rank, 26, vMem, 759556 KB, pMem, 368904 KB
slurm-3473716.out:Memory, Processes, 64, Rank, 2, vMem, 635876 KB, pMem, 231004 KB
slurm-3473716.out:Memory, Processes, 64, Rank, 4, vMem, 637824 KB, pMem, 230984 KB
slurm-3473716.out:Memory, Processes, 64, Rank, 6, vMem, 636724 KB, pMem, 231920 KB
slurm-3473716.out:Memory, Processes, 64, Rank, 38, vMem, 636212 KB, pMem, 229212 KB
slurm-3473716.out:Memory, Processes, 64, Rank, 36, vMem, 637860 KB, pMem, 230828 KB
slurm-3473716.out:Memory, Processes, 64, Rank, 34, vMem, 637132 KB, pMem, 230104 KB
slurm-3473716.out:Memory, Processes, 64, Rank, 10, vMem, 636136 KB, pMem, 229228 KB
slurm-3473716.out:Memory, Processes, 64, Rank, 14, vMem, 636688 KB, pMem, 231752 KB
slurm-3473716.out:Memory, Processes, 64, Rank, 12, vMem, 637528 KB, pMem, 230548 KB
slurm-3473716.out:Memory, Processes, 64, Rank, 42, vMem, 636536 KB, pMem, 229636 KB
slurm-3473716.out:Memory, Processes, 64, Rank, 46, vMem, 636708 KB, pMem, 229736 KB
slurm-3473716.out:Memory, Processes, 64, Rank, 44, vMem, 635920 KB, pMem, 230992 KB
slurm-3473716.out:Memory, Processes, 64, Rank, 40, vMem, 637644 KB, pMem, 232780 KB
slurm-3473716.out:Memory, Processes, 64, Rank, 8, vMem, 637508 KB, pMem, 230604 KB
slurm-3473716.out:Memory, Processes, 64, Rank, 0, vMem, 636832 KB, pMem, 229996 KB
slurm-3473716.out:Memory, Processes, 64, Rank, 18, vMem, 636836 KB, pMem, 229968 KB
slurm-3473716.out:Memory, Processes, 64, Rank, 20, vMem, 635736 KB, pMem, 228860 KB
slurm-3473716.out:Memory, Processes, 64, Rank, 32, vMem, 636572 KB, pMem, 229780 KB
slurm-3473716.out:Memory, Processes, 64, Rank, 22, vMem, 637280 KB, pMem, 230336 KB
slurm-3473716.out:Memory, Processes, 64, Rank, 16, vMem, 636404 KB, pMem, 229460 KB
slurm-3473716.out:Memory, Processes, 64, Rank, 5, vMem, 637196 KB, pMem, 230364 KB
slurm-3473716.out:Memory, Processes, 64, Rank, 37, vMem, 636236 KB, pMem, 229424 KB
slurm-3473716.out:Memory, Processes, 64, Rank, 45, vMem, 636848 KB, pMem, 229948 KB
slurm-3473716.out:Memory, Processes, 64, Rank, 13, vMem, 636836 KB, pMem, 229860 KB
slurm-3473716.out:Memory, Processes, 64, Rank, 1, vMem, 637356 KB, pMem, 230524 KB
slurm-3473716.out:Memory, Processes, 64, Rank, 33, vMem, 637444 KB, pMem, 230400 KB
slurm-3473716.out:Memory, Processes, 64, Rank, 21, vMem, 637012 KB, pMem, 230140 KB
slurm-3473716.out:Memory, Processes, 64, Rank, 41, vMem, 636208 KB, pMem, 231284 KB
slurm-3473716.out:Memory, Processes, 64, Rank, 3, vMem, 636208 KB, pMem, 229300 KB
slurm-3473716.out:Memory, Processes, 64, Rank, 9, vMem, 636824 KB, pMem, 229848 KB
slurm-3473716.out:Memory, Processes, 64, Rank, 17, vMem, 636520 KB, pMem, 229580 KB
slurm-3473716.out:Memory, Processes, 64, Rank, 35, vMem, 636180 KB, pMem, 229388 KB
slurm-3473716.out:Memory, Processes, 64, Rank, 43, vMem, 637896 KB, pMem, 230912 KB
slurm-3473716.out:Memory, Processes, 64, Rank, 11, vMem, 637384 KB, pMem, 230476 KB
slurm-3473716.out:Memory, Processes, 64, Rank, 26, vMem, 637256 KB, pMem, 230324 KB
slurm-3473716.out:Memory, Processes, 64, Rank, 30, vMem, 636576 KB, pMem, 229652 KB
slurm-3473716.out:Memory, Processes, 64, Rank, 28, vMem, 636868 KB, pMem, 230008 KB
slurm-3473716.out:Memory, Processes, 64, Rank, 24, vMem, 637068 KB, pMem, 230140 KB
slurm-3473716.out:Memory, Processes, 64, Rank, 29, vMem, 637472 KB, pMem, 230548 KB
slurm-3473716.out:Memory, Processes, 64, Rank, 25, vMem, 637444 KB, pMem, 230584 KB
slurm-3473716.out:Memory, Processes, 64, Rank, 19, vMem, 637680 KB, pMem, 230812 KB
slurm-3473716.out:Memory, Processes, 64, Rank, 27, vMem, 637072 KB, pMem, 230132 KB
slurm-3473716.out:Memory, Processes, 64, Rank, 50, vMem, 637784 KB, pMem, 230964 KB
slurm-3473716.out:Memory, Processes, 64, Rank, 52, vMem, 637096 KB, pMem, 230204 KB
slurm-3473716.out:Memory, Processes, 64, Rank, 54, vMem, 637304 KB, pMem, 230412 KB
slurm-3473716.out:Memory, Processes, 64, Rank, 48, vMem, 636596 KB, pMem, 229484 KB
slurm-3473716.out:Memory, Processes, 64, Rank, 53, vMem, 636928 KB, pMem, 229808 KB
slurm-3473716.out:Memory, Processes, 64, Rank, 49, vMem, 636200 KB, pMem, 229372 KB
slurm-3473716.out:Memory, Processes, 64, Rank, 51, vMem, 636568 KB, pMem, 229544 KB
slurm-3473716.out:Memory, Processes, 64, Rank, 58, vMem, 634304 KB, pMem, 227488 KB
slurm-3473716.out:Memory, Processes, 64, Rank, 62, vMem, 634864 KB, pMem, 227988 KB
slurm-3473716.out:Memory, Processes, 64, Rank, 60, vMem, 634612 KB, pMem, 227748 KB
slurm-3473716.out:Memory, Processes, 64, Rank, 56, vMem, 635248 KB, pMem, 228372 KB
slurm-3473716.out:Memory, Processes, 64, Rank, 61, vMem, 634800 KB, pMem, 227736 KB
slurm-3473716.out:Memory, Processes, 64, Rank, 57, vMem, 635628 KB, pMem, 228892 KB
slurm-3473716.out:Memory, Processes, 64, Rank, 59, vMem, 633984 KB, pMem, 227096 KB
slurm-3473716.out:Memory, Processes, 64, Rank, 7, vMem, 636676 KB, pMem, 229832 KB
slurm-3473716.out:Memory, Processes, 64, Rank, 47, vMem, 637340 KB, pMem, 230444 KB
slurm-3473716.out:Memory, Processes, 64, Rank, 39, vMem, 637488 KB, pMem, 230740 KB
slurm-3473716.out:Memory, Processes, 64, Rank, 15, vMem, 637400 KB, pMem, 230492 KB
slurm-3473716.out:Memory, Processes, 64, Rank, 23, vMem, 636936 KB, pMem, 229996 KB
slurm-3473716.out:Memory, Processes, 64, Rank, 55, vMem, 636556 KB, pMem, 229740 KB
slurm-3473716.out:Memory, Processes, 64, Rank, 31, vMem, 636136 KB, pMem, 229208 KB
slurm-3473716.out:Memory, Processes, 64, Rank, 63, vMem, 634352 KB, pMem, 227468 KB
slurm-3473717.out:Memory, Processes, 2, Rank, 1, vMem, 4755752 KB, pMem, 3066416 KB
slurm-3473717.out:Memory, Processes, 2, Rank, 0, vMem, 4756528 KB, pMem, 3155812 KB
slurm-3473718.out:Memory, Processes, 4, Rank, 0, vMem, 2625980 KB, pMem, 2235444 KB
slurm-3473718.out:Memory, Processes, 4, Rank, 1, vMem, 2624020 KB, pMem, 2233584 KB
slurm-3473718.out:Memory, Processes, 4, Rank, 2, vMem, 2624416 KB, pMem, 2233872 KB
slurm-3473718.out:Memory, Processes, 4, Rank, 3, vMem, 2622916 KB, pMem, 2232344 KB
slurm-3473719.out:Memory, Processes, 8, Rank, 0, vMem, 1566932 KB, pMem, 1160084 KB
slurm-3473719.out:Memory, Processes, 8, Rank, 1, vMem, 1569476 KB, pMem, 1162664 KB
slurm-3473719.out:Memory, Processes, 8, Rank, 2, vMem, 1566020 KB, pMem, 1159132 KB
slurm-3473719.out:Memory, Processes, 8, Rank, 3, vMem, 1568016 KB, pMem, 1161128 KB
slurm-3473719.out:Memory, Processes, 8, Rank, 4, vMem, 1567092 KB, pMem, 1160284 KB
slurm-3473719.out:Memory, Processes, 8, Rank, 5, vMem, 1568016 KB, pMem, 1161120 KB
slurm-3473719.out:Memory, Processes, 8, Rank, 6, vMem, 1567188 KB, pMem, 1160348 KB
slurm-3473719.out:Memory, Processes, 8, Rank, 7, vMem, 1566560 KB, pMem, 1159688 KB
slurm-3473721.out:Memory, Processes, 2, Rank, 0, vMem, 4766204 KB, pMem, 2954928 KB
slurm-3473721.out:Memory, Processes, 2, Rank, 1, vMem, 4764948 KB, pMem, 2988676 KB
slurm-3473722.out:Memory, Processes, 4, Rank, 1, vMem, 2636104 KB, pMem, 2253708 KB
slurm-3473722.out:Memory, Processes, 4, Rank, 3, vMem, 2634728 KB, pMem, 2252324 KB
slurm-3473722.out:Memory, Processes, 4, Rank, 0, vMem, 2637948 KB, pMem, 2255544 KB
slurm-3473722.out:Memory, Processes, 4, Rank, 2, vMem, 2636072 KB, pMem, 2255704 KB
slurm-3473723.out:Memory, Processes, 8, Rank, 0, vMem, 1570148 KB, pMem, 1179660 KB
slurm-3473723.out:Memory, Processes, 8, Rank, 2, vMem, 1569704 KB, pMem, 1179108 KB
slurm-3473723.out:Memory, Processes, 8, Rank, 3, vMem, 1571576 KB, pMem, 1180992 KB
slurm-3473723.out:Memory, Processes, 8, Rank, 4, vMem, 1568672 KB, pMem, 1178028 KB
slurm-3473723.out:Memory, Processes, 8, Rank, 6, vMem, 1568892 KB, pMem, 1178308 KB
slurm-3473723.out:Memory, Processes, 8, Rank, 7, vMem, 1568304 KB, pMem, 1177656 KB
slurm-3473723.out:Memory, Processes, 8, Rank, 1, vMem, 1572912 KB, pMem, 1182092 KB
slurm-3473723.out:Memory, Processes, 8, Rank, 5, vMem, 1569728 KB, pMem, 1179160 KB
slurm-3473724.out:Memory, Processes, 16, Rank, 0, vMem, 1046704 KB, pMem, 639776 KB
slurm-3473724.out:Memory, Processes, 16, Rank, 3, vMem, 1049456 KB, pMem, 642524 KB
slurm-3473724.out:Memory, Processes, 16, Rank, 4, vMem, 1047492 KB, pMem, 640568 KB
slurm-3473724.out:Memory, Processes, 16, Rank, 5, vMem, 1047508 KB, pMem, 640580 KB
slurm-3473724.out:Memory, Processes, 16, Rank, 7, vMem, 1047096 KB, pMem, 640164 KB
slurm-3473724.out:Memory, Processes, 16, Rank, 1, vMem, 1048008 KB, pMem, 641056 KB
slurm-3473724.out:Memory, Processes, 16, Rank, 6, vMem, 1049808 KB, pMem, 642876 KB
slurm-3473724.out:Memory, Processes, 16, Rank, 11, vMem, 1047132 KB, pMem, 640236 KB
slurm-3473724.out:Memory, Processes, 16, Rank, 13, vMem, 1048504 KB, pMem, 641532 KB
slurm-3473724.out:Memory, Processes, 16, Rank, 15, vMem, 1047336 KB, pMem, 640332 KB
slurm-3473724.out:Memory, Processes, 16, Rank, 8, vMem, 1048208 KB, pMem, 643240 KB
slurm-3473724.out:Memory, Processes, 16, Rank, 12, vMem, 1047624 KB, pMem, 640620 KB
slurm-3473724.out:Memory, Processes, 16, Rank, 9, vMem, 1048024 KB, pMem, 641084 KB
slurm-3473724.out:Memory, Processes, 16, Rank, 14, vMem, 1047632 KB, pMem, 640696 KB
slurm-3473724.out:Memory, Processes, 16, Rank, 2, vMem, 1048312 KB, pMem, 643352 KB
slurm-3473724.out:Memory, Processes, 16, Rank, 10, vMem, 1049456 KB, pMem, 642472 KB
slurm-3473725.out:Memory, Processes, 4, Rank, 0, vMem, 2627448 KB, pMem, 2255204 KB
slurm-3473725.out:Memory, Processes, 4, Rank, 1, vMem, 2625704 KB, pMem, 2253580 KB
slurm-3473725.out:Memory, Processes, 4, Rank, 3, vMem, 2622256 KB, pMem, 2250124 KB
slurm-3473725.out:Memory, Processes, 4, Rank, 2, vMem, 2626072 KB, pMem, 2253788 KB
slurm-3473726.out:Memory, Processes, 8, Rank, 0, vMem, 1562112 KB, pMem, 1179656 KB
slurm-3473726.out:Memory, Processes, 8, Rank, 6, vMem, 1563144 KB, pMem, 1180840 KB
slurm-3473726.out:Memory, Processes, 8, Rank, 1, vMem, 1564792 KB, pMem, 1182324 KB
slurm-3473726.out:Memory, Processes, 8, Rank, 7, vMem, 1562252 KB, pMem, 1179884 KB
slurm-3473726.out:Memory, Processes, 8, Rank, 2, vMem, 1561720 KB, pMem, 1179380 KB
slurm-3473726.out:Memory, Processes, 8, Rank, 3, vMem, 1563608 KB, pMem, 1181380 KB
slurm-3473726.out:Memory, Processes, 8, Rank, 4, vMem, 1562400 KB, pMem, 1179912 KB
slurm-3473726.out:Memory, Processes, 8, Rank, 5, vMem, 1563580 KB, pMem, 1181108 KB
slurm-3473728.out:Memory, Processes, 16, Rank, 2, vMem, 1031948 KB, pMem, 641392 KB
slurm-3473728.out:Memory, Processes, 16, Rank, 3, vMem, 1033048 KB, pMem, 642416 KB
slurm-3473728.out:Memory, Processes, 16, Rank, 0, vMem, 1030460 KB, pMem, 639832 KB
slurm-3473728.out:Memory, Processes, 16, Rank, 12, vMem, 1028952 KB, pMem, 638476 KB
slurm-3473728.out:Memory, Processes, 16, Rank, 14, vMem, 1029144 KB, pMem, 638580 KB
slurm-3473728.out:Memory, Processes, 16, Rank, 15, vMem, 1028884 KB, pMem, 638412 KB
slurm-3473728.out:Memory, Processes, 16, Rank, 4, vMem, 1031140 KB, pMem, 640636 KB
slurm-3473728.out:Memory, Processes, 16, Rank, 6, vMem, 1033400 KB, pMem, 642908 KB
slurm-3473728.out:Memory, Processes, 16, Rank, 7, vMem, 1030872 KB, pMem, 642364 KB
slurm-3473728.out:Memory, Processes, 16, Rank, 8, vMem, 1031540 KB, pMem, 640972 KB
slurm-3473728.out:Memory, Processes, 16, Rank, 10, vMem, 1033240 KB, pMem, 642604 KB
slurm-3473728.out:Memory, Processes, 16, Rank, 11, vMem, 1030792 KB, pMem, 640240 KB
slurm-3473728.out:Memory, Processes, 16, Rank, 5, vMem, 1030840 KB, pMem, 640408 KB
slurm-3473728.out:Memory, Processes, 16, Rank, 13, vMem, 1029888 KB, pMem, 639416 KB
slurm-3473728.out:Memory, Processes, 16, Rank, 1, vMem, 1031636 KB, pMem, 640908 KB
slurm-3473728.out:Memory, Processes, 16, Rank, 9, vMem, 1031512 KB, pMem, 640872 KB
slurm-3473729.out:Memory, Processes, 32, Rank, 0, vMem, 775868 KB, pMem, 368896 KB
slurm-3473729.out:Memory, Processes, 32, Rank, 1, vMem, 774328 KB, pMem, 367296 KB
slurm-3473729.out:Memory, Processes, 32, Rank, 2, vMem, 775940 KB, pMem, 368880 KB
slurm-3473729.out:Memory, Processes, 32, Rank, 3, vMem, 774792 KB, pMem, 367856 KB
slurm-3473729.out:Memory, Processes, 32, Rank, 5, vMem, 775696 KB, pMem, 368736 KB
slurm-3473729.out:Memory, Processes, 32, Rank, 6, vMem, 776376 KB, pMem, 369416 KB
slurm-3473729.out:Memory, Processes, 32, Rank, 7, vMem, 776168 KB, pMem, 369200 KB
slurm-3473729.out:Memory, Processes, 32, Rank, 9, vMem, 776148 KB, pMem, 369068 KB
slurm-3473729.out:Memory, Processes, 32, Rank, 11, vMem, 775648 KB, pMem, 368648 KB
slurm-3473729.out:Memory, Processes, 32, Rank, 13, vMem, 776460 KB, pMem, 369456 KB
slurm-3473729.out:Memory, Processes, 32, Rank, 14, vMem, 776304 KB, pMem, 369304 KB
slurm-3473729.out:Memory, Processes, 32, Rank, 15, vMem, 774312 KB, pMem, 367232 KB
slurm-3473729.out:Memory, Processes, 32, Rank, 8, vMem, 774584 KB, pMem, 369552 KB
slurm-3473729.out:Memory, Processes, 32, Rank, 10, vMem, 774436 KB, pMem, 367360 KB
slurm-3473729.out:Memory, Processes, 32, Rank, 21, vMem, 776792 KB, pMem, 369856 KB
slurm-3473729.out:Memory, Processes, 32, Rank, 17, vMem, 774840 KB, pMem, 369880 KB
slurm-3473729.out:Memory, Processes, 32, Rank, 18, vMem, 775752 KB, pMem, 368816 KB
slurm-3473729.out:Memory, Processes, 32, Rank, 19, vMem, 775912 KB, pMem, 368900 KB
slurm-3473729.out:Memory, Processes, 32, Rank, 22, vMem, 774476 KB, pMem, 367452 KB
slurm-3473729.out:Memory, Processes, 32, Rank, 23, vMem, 775632 KB, pMem, 370728 KB
slurm-3473729.out:Memory, Processes, 32, Rank, 16, vMem, 775876 KB, pMem, 368848 KB
slurm-3473729.out:Memory, Processes, 32, Rank, 25, vMem, 776256 KB, pMem, 369180 KB
slurm-3473729.out:Memory, Processes, 32, Rank, 29, vMem, 774684 KB, pMem, 367680 KB
slurm-3473729.out:Memory, Processes, 32, Rank, 27, vMem, 775880 KB, pMem, 368884 KB
slurm-3473729.out:Memory, Processes, 32, Rank, 30, vMem, 775588 KB, pMem, 368592 KB
slurm-3473729.out:Memory, Processes, 32, Rank, 31, vMem, 775024 KB, pMem, 368032 KB
slurm-3473729.out:Memory, Processes, 32, Rank, 24, vMem, 774500 KB, pMem, 367428 KB
slurm-3473729.out:Memory, Processes, 32, Rank, 26, vMem, 775708 KB, pMem, 368636 KB
slurm-3473729.out:Memory, Processes, 32, Rank, 4, vMem, 776200 KB, pMem, 369072 KB
slurm-3473729.out:Memory, Processes, 32, Rank, 12, vMem, 776740 KB, pMem, 369740 KB
slurm-3473729.out:Memory, Processes, 32, Rank, 20, vMem, 775620 KB, pMem, 368688 KB
slurm-3473729.out:Memory, Processes, 32, Rank, 28, vMem, 776572 KB, pMem, 369484 KB
slurm-3473730.out:Memory, Processes, 8, Rank, 2, vMem, 1517188 KB, pMem, 1147192 KB
slurm-3473730.out:Memory, Processes, 8, Rank, 3, vMem, 1519172 KB, pMem, 1147164 KB
slurm-3473730.out:Memory, Processes, 8, Rank, 0, vMem, 1517856 KB, pMem, 1145872 KB
slurm-3473730.out:Memory, Processes, 8, Rank, 4, vMem, 1518256 KB, pMem, 1146236 KB
slurm-3473730.out:Memory, Processes, 8, Rank, 1, vMem, 1520660 KB, pMem, 1148692 KB
slurm-3473730.out:Memory, Processes, 8, Rank, 6, vMem, 1553004 KB, pMem, 1180900 KB
slurm-3473730.out:Memory, Processes, 8, Rank, 7, vMem, 1551644 KB, pMem, 1179600 KB
slurm-3473730.out:Memory, Processes, 8, Rank, 5, vMem, 1553192 KB, pMem, 1181076 KB
slurm-3473731.out:Memory, Processes, 16, Rank, 1, vMem, 1023204 KB, pMem, 640904 KB
slurm-3473731.out:Memory, Processes, 16, Rank, 9, vMem, 1023360 KB, pMem, 641016 KB
slurm-3473731.out:Memory, Processes, 16, Rank, 5, vMem, 1022856 KB, pMem, 640508 KB
slurm-3473731.out:Memory, Processes, 16, Rank, 13, vMem, 1023836 KB, pMem, 641544 KB
slurm-3473731.out:Memory, Processes, 16, Rank, 3, vMem, 1025012 KB, pMem, 642712 KB
slurm-3473731.out:Memory, Processes, 16, Rank, 0, vMem, 1022408 KB, pMem, 640040 KB
slurm-3473731.out:Memory, Processes, 16, Rank, 8, vMem, 1023380 KB, pMem, 640956 KB
slurm-3473731.out:Memory, Processes, 16, Rank, 11, vMem, 1022744 KB, pMem, 640380 KB
slurm-3473731.out:Memory, Processes, 16, Rank, 4, vMem, 1022848 KB, pMem, 640572 KB
slurm-3473731.out:Memory, Processes, 16, Rank, 2, vMem, 1023760 KB, pMem, 641460 KB
slurm-3473731.out:Memory, Processes, 16, Rank, 10, vMem, 1025256 KB, pMem, 642964 KB
slurm-3473731.out:Memory, Processes, 16, Rank, 12, vMem, 1023176 KB, pMem, 640848 KB
slurm-3473731.out:Memory, Processes, 16, Rank, 6, vMem, 1024992 KB, pMem, 642656 KB
slurm-3473731.out:Memory, Processes, 16, Rank, 7, vMem, 1022456 KB, pMem, 640116 KB
slurm-3473731.out:Memory, Processes, 16, Rank, 14, vMem, 1022988 KB, pMem, 640704 KB
slurm-3473731.out:Memory, Processes, 16, Rank, 15, vMem, 1022716 KB, pMem, 640356 KB
slurm-3473732.out:Memory, Processes, 32, Rank, 4, vMem, 759952 KB, pMem, 369480 KB
slurm-3473732.out:Memory, Processes, 32, Rank, 6, vMem, 759728 KB, pMem, 369248 KB
slurm-3473732.out:Memory, Processes, 32, Rank, 0, vMem, 759616 KB, pMem, 371100 KB
slurm-3473732.out:Memory, Processes, 32, Rank, 2, vMem, 759496 KB, pMem, 369028 KB
slurm-3473732.out:Memory, Processes, 32, Rank, 12, vMem, 760088 KB, pMem, 369496 KB
slurm-3473732.out:Memory, Processes, 32, Rank, 1, vMem, 758064 KB, pMem, 367500 KB
slurm-3473732.out:Memory, Processes, 32, Rank, 5, vMem, 759084 KB, pMem, 368628 KB
slurm-3473732.out:Memory, Processes, 32, Rank, 8, vMem, 758100 KB, pMem, 367588 KB
slurm-3473732.out:Memory, Processes, 32, Rank, 9, vMem, 759640 KB, pMem, 369200 KB
slurm-3473732.out:Memory, Processes, 32, Rank, 10, vMem, 757896 KB, pMem, 367404 KB
slurm-3473732.out:Memory, Processes, 32, Rank, 16, vMem, 759288 KB, pMem, 368708 KB
slurm-3473732.out:Memory, Processes, 32, Rank, 17, vMem, 758480 KB, pMem, 367896 KB
slurm-3473732.out:Memory, Processes, 32, Rank, 18, vMem, 759236 KB, pMem, 368652 KB
slurm-3473732.out:Memory, Processes, 32, Rank, 14, vMem, 759820 KB, pMem, 371336 KB
slurm-3473732.out:Memory, Processes, 32, Rank, 13, vMem, 760228 KB, pMem, 369692 KB
slurm-3473732.out:Memory, Processes, 32, Rank, 20, vMem, 759212 KB, pMem, 368720 KB
slurm-3473732.out:Memory, Processes, 32, Rank, 22, vMem, 758316 KB, pMem, 367760 KB
slurm-3473732.out:Memory, Processes, 32, Rank, 21, vMem, 760396 KB, pMem, 369828 KB
slurm-3473732.out:Memory, Processes, 32, Rank, 24, vMem, 758008 KB, pMem, 367404 KB
slurm-3473732.out:Memory, Processes, 32, Rank, 25, vMem, 759688 KB, pMem, 369080 KB
slurm-3473732.out:Memory, Processes, 32, Rank, 26, vMem, 759616 KB, pMem, 369148 KB
slurm-3473732.out:Memory, Processes, 32, Rank, 28, vMem, 758084 KB, pMem, 367484 KB
slurm-3473732.out:Memory, Processes, 32, Rank, 30, vMem, 757100 KB, pMem, 366504 KB
slurm-3473732.out:Memory, Processes, 32, Rank, 29, vMem, 756188 KB, pMem, 365600 KB
slurm-3473732.out:Memory, Processes, 32, Rank, 23, vMem, 759104 KB, pMem, 368636 KB
slurm-3473732.out:Memory, Processes, 32, Rank, 7, vMem, 759772 KB, pMem, 369296 KB
slurm-3473732.out:Memory, Processes, 32, Rank, 31, vMem, 756208 KB, pMem, 365676 KB
slurm-3473732.out:Memory, Processes, 32, Rank, 3, vMem, 758416 KB, pMem, 367788 KB
slurm-3473732.out:Memory, Processes, 32, Rank, 15, vMem, 757772 KB, pMem, 367248 KB
slurm-3473732.out:Memory, Processes, 32, Rank, 11, vMem, 759556 KB, pMem, 369100 KB
slurm-3473732.out:Memory, Processes, 32, Rank, 27, vMem, 759520 KB, pMem, 368928 KB
slurm-3473732.out:Memory, Processes, 32, Rank, 19, vMem, 759432 KB, pMem, 368980 KB
slurm-3473733.out:Memory, Processes, 64, Rank, 1, vMem, 637224 KB, pMem, 230304 KB
slurm-3473733.out:Memory, Processes, 64, Rank, 5, vMem, 637492 KB, pMem, 232648 KB
slurm-3473733.out:Memory, Processes, 64, Rank, 7, vMem, 636688 KB, pMem, 229864 KB
slurm-3473733.out:Memory, Processes, 64, Rank, 2, vMem, 635656 KB, pMem, 228692 KB
slurm-3473733.out:Memory, Processes, 64, Rank, 6, vMem, 636956 KB, pMem, 230000 KB
slurm-3473733.out:Memory, Processes, 64, Rank, 3, vMem, 636088 KB, pMem, 229196 KB
slurm-3473733.out:Memory, Processes, 64, Rank, 0, vMem, 636680 KB, pMem, 229800 KB
slurm-3473733.out:Memory, Processes, 64, Rank, 33, vMem, 637380 KB, pMem, 230352 KB
slurm-3473733.out:Memory, Processes, 64, Rank, 37, vMem, 636136 KB, pMem, 229112 KB
slurm-3473733.out:Memory, Processes, 64, Rank, 39, vMem, 637476 KB, pMem, 230576 KB
slurm-3473733.out:Memory, Processes, 64, Rank, 38, vMem, 636212 KB, pMem, 229112 KB
slurm-3473733.out:Memory, Processes, 64, Rank, 34, vMem, 637420 KB, pMem, 230524 KB
slurm-3473733.out:Memory, Processes, 64, Rank, 35, vMem, 636180 KB, pMem, 229080 KB
slurm-3473733.out:Memory, Processes, 64, Rank, 32, vMem, 636740 KB, pMem, 229716 KB
slurm-3473733.out:Memory, Processes, 64, Rank, 17, vMem, 636512 KB, pMem, 231440 KB
slurm-3473733.out:Memory, Processes, 64, Rank, 21, vMem, 637016 KB, pMem, 230104 KB
slurm-3473733.out:Memory, Processes, 64, Rank, 23, vMem, 636760 KB, pMem, 229640 KB
slurm-3473733.out:Memory, Processes, 64, Rank, 16, vMem, 636508 KB, pMem, 229436 KB
slurm-3473733.out:Memory, Processes, 64, Rank, 18, vMem, 636960 KB, pMem, 230020 KB
slurm-3473733.out:Memory, Processes, 64, Rank, 19, vMem, 637680 KB, pMem, 230620 KB
slurm-3473733.out:Memory, Processes, 64, Rank, 22, vMem, 637188 KB, pMem, 230060 KB
slurm-3473733.out:Memory, Processes, 64, Rank, 4, vMem, 637720 KB, pMem, 230844 KB
slurm-3473733.out:Memory, Processes, 64, Rank, 36, vMem, 637816 KB, pMem, 230604 KB
slurm-3473733.out:Memory, Processes, 64, Rank, 20, vMem, 635752 KB, pMem, 228856 KB
slurm-3473733.out:Memory, Processes, 64, Rank, 29, vMem, 637516 KB, pMem, 230520 KB
slurm-3473733.out:Memory, Processes, 64, Rank, 30, vMem, 636604 KB, pMem, 229600 KB
slurm-3473733.out:Memory, Processes, 64, Rank, 31, vMem, 636132 KB, pMem, 229128 KB
slurm-3473733.out:Memory, Processes, 64, Rank, 24, vMem, 637064 KB, pMem, 230060 KB
slurm-3473733.out:Memory, Processes, 64, Rank, 26, vMem, 637252 KB, pMem, 232284 KB
slurm-3473733.out:Memory, Processes, 64, Rank, 27, vMem, 636684 KB, pMem, 229756 KB
slurm-3473733.out:Memory, Processes, 64, Rank, 25, vMem, 637440 KB, pMem, 230516 KB
slurm-3473733.out:Memory, Processes, 64, Rank, 28, vMem, 636908 KB, pMem, 229988 KB
slurm-3473733.out:Memory, Processes, 64, Rank, 49, vMem, 636372 KB, pMem, 229460 KB
slurm-3473733.out:Memory, Processes, 64, Rank, 53, vMem, 636932 KB, pMem, 229812 KB
slurm-3473733.out:Memory, Processes, 64, Rank, 55, vMem, 636744 KB, pMem, 229668 KB
slurm-3473733.out:Memory, Processes, 64, Rank, 51, vMem, 636452 KB, pMem, 229412 KB
slurm-3473733.out:Memory, Processes, 64, Rank, 54, vMem, 637436 KB, pMem, 230344 KB
slurm-3473733.out:Memory, Processes, 64, Rank, 48, vMem, 636596 KB, pMem, 229540 KB
slurm-3473733.out:Memory, Processes, 64, Rank, 50, vMem, 637788 KB, pMem, 231044 KB
slurm-3473733.out:Memory, Processes, 64, Rank, 52, vMem, 637000 KB, pMem, 230000 KB
slurm-3473733.out:Memory, Processes, 64, Rank, 41, vMem, 636216 KB, pMem, 229152 KB
slurm-3473733.out:Memory, Processes, 64, Rank, 45, vMem, 636840 KB, pMem, 229964 KB
slurm-3473733.out:Memory, Processes, 64, Rank, 40, vMem, 637648 KB, pMem, 230684 KB
slurm-3473733.out:Memory, Processes, 64, Rank, 42, vMem, 636540 KB, pMem, 229596 KB
slurm-3473733.out:Memory, Processes, 64, Rank, 43, vMem, 638012 KB, pMem, 231208 KB
slurm-3473733.out:Memory, Processes, 64, Rank, 46, vMem, 636712 KB, pMem, 229620 KB
slurm-3473733.out:Memory, Processes, 64, Rank, 47, vMem, 637352 KB, pMem, 230372 KB
slurm-3473733.out:Memory, Processes, 64, Rank, 44, vMem, 635792 KB, pMem, 228936 KB
slurm-3473733.out:Memory, Processes, 64, Rank, 61, vMem, 636908 KB, pMem, 229844 KB
slurm-3473733.out:Memory, Processes, 64, Rank, 62, vMem, 636828 KB, pMem, 229680 KB
slurm-3473733.out:Memory, Processes, 64, Rank, 63, vMem, 636480 KB, pMem, 231368 KB
slurm-3473733.out:Memory, Processes, 64, Rank, 56, vMem, 637352 KB, pMem, 230224 KB
slurm-3473733.out:Memory, Processes, 64, Rank, 58, vMem, 636404 KB, pMem, 229336 KB
slurm-3473733.out:Memory, Processes, 64, Rank, 59, vMem, 636024 KB, pMem, 230992 KB
slurm-3473733.out:Memory, Processes, 64, Rank, 57, vMem, 637856 KB, pMem, 230560 KB
slurm-3473733.out:Memory, Processes, 64, Rank, 60, vMem, 636704 KB, pMem, 229636 KB
slurm-3473733.out:Memory, Processes, 64, Rank, 9, vMem, 636824 KB, pMem, 229844 KB
slurm-3473733.out:Memory, Processes, 64, Rank, 13, vMem, 636688 KB, pMem, 229756 KB
slurm-3473733.out:Memory, Processes, 64, Rank, 15, vMem, 637440 KB, pMem, 230336 KB
slurm-3473733.out:Memory, Processes, 64, Rank, 8, vMem, 637504 KB, pMem, 230532 KB
slurm-3473733.out:Memory, Processes, 64, Rank, 11, vMem, 637384 KB, pMem, 230480 KB
slurm-3473733.out:Memory, Processes, 64, Rank, 14, vMem, 636688 KB, pMem, 229664 KB
slurm-3473733.out:Memory, Processes, 64, Rank, 10, vMem, 636136 KB, pMem, 229172 KB
slurm-3473733.out:Memory, Processes, 64, Rank, 12, vMem, 637496 KB, pMem, 230476 KB
slurm-3473734.out:Memory, Processes, 2, Rank, 0, vMem, 4756668 KB, pMem, 3152536 KB
slurm-3473734.out:Memory, Processes, 2, Rank, 1, vMem, 4756016 KB, pMem, 3068676 KB
slurm-3473735.out:Memory, Processes, 4, Rank, 0, vMem, 2625580 KB, pMem, 2235124 KB
slurm-3473735.out:Memory, Processes, 4, Rank, 1, vMem, 2624412 KB, pMem, 2233936 KB
slurm-3473735.out:Memory, Processes, 4, Rank, 2, vMem, 2624416 KB, pMem, 2233864 KB
slurm-3473735.out:Memory, Processes, 4, Rank, 3, vMem, 2622376 KB, pMem, 2233928 KB
slurm-3473736.out:Memory, Processes, 8, Rank, 0, vMem, 1566928 KB, pMem, 1160092 KB
slurm-3473736.out:Memory, Processes, 8, Rank, 1, vMem, 1569464 KB, pMem, 1162660 KB
slurm-3473736.out:Memory, Processes, 8, Rank, 2, vMem, 1566012 KB, pMem, 1159144 KB
slurm-3473736.out:Memory, Processes, 8, Rank, 3, vMem, 1568136 KB, pMem, 1163272 KB
slurm-3473736.out:Memory, Processes, 8, Rank, 4, vMem, 1566816 KB, pMem, 1159948 KB
slurm-3473736.out:Memory, Processes, 8, Rank, 5, vMem, 1567748 KB, pMem, 1160848 KB
slurm-3473736.out:Memory, Processes, 8, Rank, 6, vMem, 1567172 KB, pMem, 1160340 KB
slurm-3473736.out:Memory, Processes, 8, Rank, 7, vMem, 1566556 KB, pMem, 1159676 KB
slurm-3473737.out:Memory, Processes, 2, Rank, 0, vMem, 4766456 KB, pMem, 3031428 KB
slurm-3473737.out:Memory, Processes, 2, Rank, 1, vMem, 4765608 KB, pMem, 3004760 KB
slurm-3473738.out:Memory, Processes, 4, Rank, 1, vMem, 2635932 KB, pMem, 2257644 KB
slurm-3473738.out:Memory, Processes, 4, Rank, 3, vMem, 2634496 KB, pMem, 2251928 KB
slurm-3473738.out:Memory, Processes, 4, Rank, 0, vMem, 2637588 KB, pMem, 2255140 KB
slurm-3473738.out:Memory, Processes, 4, Rank, 2, vMem, 2636076 KB, pMem, 2253568 KB
slurm-3473739.out:Memory, Processes, 8, Rank, 0, vMem, 1570100 KB, pMem, 1179536 KB
slurm-3473739.out:Memory, Processes, 8, Rank, 2, vMem, 1570004 KB, pMem, 1179508 KB
slurm-3473739.out:Memory, Processes, 8, Rank, 4, vMem, 1568672 KB, pMem, 1178024 KB
slurm-3473739.out:Memory, Processes, 8, Rank, 6, vMem, 1569192 KB, pMem, 1178620 KB
slurm-3473739.out:Memory, Processes, 8, Rank, 5, vMem, 1569380 KB, pMem, 1178800 KB
slurm-3473739.out:Memory, Processes, 8, Rank, 7, vMem, 1568312 KB, pMem, 1177744 KB
slurm-3473739.out:Memory, Processes, 8, Rank, 1, vMem, 1572816 KB, pMem, 1182336 KB
slurm-3473739.out:Memory, Processes, 8, Rank, 3, vMem, 1571776 KB, pMem, 1181224 KB
slurm-3473740.out:Memory, Processes, 16, Rank, 0, vMem, 1046824 KB, pMem, 639820 KB
slurm-3473740.out:Memory, Processes, 16, Rank, 3, vMem, 1049312 KB, pMem, 642380 KB
slurm-3473740.out:Memory, Processes, 16, Rank, 5, vMem, 1047268 KB, pMem, 642300 KB
slurm-3473740.out:Memory, Processes, 16, Rank, 6, vMem, 1049624 KB, pMem, 642696 KB
slurm-3473740.out:Memory, Processes, 16, Rank, 7, vMem, 1047088 KB, pMem, 640088 KB
slurm-3473740.out:Memory, Processes, 16, Rank, 2, vMem, 1048212 KB, pMem, 643240 KB
slurm-3473740.out:Memory, Processes, 16, Rank, 4, vMem, 1047524 KB, pMem, 642632 KB
slurm-3473740.out:Memory, Processes, 16, Rank, 8, vMem, 1048148 KB, pMem, 641200 KB
slurm-3473740.out:Memory, Processes, 16, Rank, 11, vMem, 1047316 KB, pMem, 640296 KB
slurm-3473740.out:Memory, Processes, 16, Rank, 13, vMem, 1048504 KB, pMem, 641484 KB
slurm-3473740.out:Memory, Processes, 16, Rank, 14, vMem, 1047408 KB, pMem, 640460 KB
slurm-3473740.out:Memory, Processes, 16, Rank, 15, vMem, 1047204 KB, pMem, 640256 KB
slurm-3473740.out:Memory, Processes, 16, Rank, 10, vMem, 1049224 KB, pMem, 642280 KB
slurm-3473740.out:Memory, Processes, 16, Rank, 12, vMem, 1047456 KB, pMem, 640508 KB
slurm-3473740.out:Memory, Processes, 16, Rank, 1, vMem, 1047872 KB, pMem, 640788 KB
slurm-3473740.out:Memory, Processes, 16, Rank, 9, vMem, 1048300 KB, pMem, 641280 KB
slurm-3473741.out:Memory, Processes, 4, Rank, 0, vMem, 2627272 KB, pMem, 2255064 KB
slurm-3473741.out:Memory, Processes, 4, Rank, 1, vMem, 2625744 KB, pMem, 2253612 KB
slurm-3473741.out:Memory, Processes, 4, Rank, 3, vMem, 2624388 KB, pMem, 2252212 KB
slurm-3473741.out:Memory, Processes, 4, Rank, 2, vMem, 2626380 KB, pMem, 2254156 KB
slurm-3473742.out:Memory, Processes, 8, Rank, 2, vMem, 1561628 KB, pMem, 1179260 KB
slurm-3473742.out:Memory, Processes, 8, Rank, 0, vMem, 1527924 KB, pMem, 1145624 KB
slurm-3473742.out:Memory, Processes, 8, Rank, 6, vMem, 1563140 KB, pMem, 1180840 KB
slurm-3473742.out:Memory, Processes, 8, Rank, 4, vMem, 1562656 KB, pMem, 1180240 KB
slurm-3473742.out:Memory, Processes, 8, Rank, 1, vMem, 1530772 KB, pMem, 1148452 KB
slurm-3473742.out:Memory, Processes, 8, Rank, 3, vMem, 1563464 KB, pMem, 1181100 KB
slurm-3473742.out:Memory, Processes, 8, Rank, 7, vMem, 1561896 KB, pMem, 1179588 KB
slurm-3473742.out:Memory, Processes, 8, Rank, 5, vMem, 1563440 KB, pMem, 1181068 KB
slurm-3473743.out:Memory, Processes, 16, Rank, 0, vMem, 1030588 KB, pMem, 640036 KB
slurm-3473743.out:Memory, Processes, 16, Rank, 1, vMem, 1031508 KB, pMem, 640944 KB
slurm-3473743.out:Memory, Processes, 16, Rank, 2, vMem, 1031976 KB, pMem, 641508 KB
slurm-3473743.out:Memory, Processes, 16, Rank, 12, vMem, 1029092 KB, pMem, 640472 KB
slurm-3473743.out:Memory, Processes, 16, Rank, 13, vMem, 1029844 KB, pMem, 641220 KB
slurm-3473743.out:Memory, Processes, 16, Rank, 14, vMem, 1029032 KB, pMem, 638440 KB
slurm-3473743.out:Memory, Processes, 16, Rank, 4, vMem, 1031016 KB, pMem, 640560 KB
slurm-3473743.out:Memory, Processes, 16, Rank, 5, vMem, 1030840 KB, pMem, 640320 KB
slurm-3473743.out:Memory, Processes, 16, Rank, 6, vMem, 1033412 KB, pMem, 642968 KB
slurm-3473743.out:Memory, Processes, 16, Rank, 8, vMem, 1031404 KB, pMem, 640796 KB
slurm-3473743.out:Memory, Processes, 16, Rank, 9, vMem, 1031516 KB, pMem, 640904 KB
slurm-3473743.out:Memory, Processes, 16, Rank, 10, vMem, 1033136 KB, pMem, 642528 KB
slurm-3473743.out:Memory, Processes, 16, Rank, 3, vMem, 1033028 KB, pMem, 642428 KB
slurm-3473743.out:Memory, Processes, 16, Rank, 7, vMem, 1030852 KB, pMem, 640424 KB
slurm-3473743.out:Memory, Processes, 16, Rank, 15, vMem, 1028836 KB, pMem, 638192 KB
slurm-3473743.out:Memory, Processes, 16, Rank, 11, vMem, 1030804 KB, pMem, 640128 KB
slurm-3473744.out:Memory, Processes, 32, Rank, 0, vMem, 775712 KB, pMem, 368860 KB
slurm-3473744.out:Memory, Processes, 32, Rank, 6, vMem, 776232 KB, pMem, 369308 KB
slurm-3473744.out:Memory, Processes, 32, Rank, 2, vMem, 776160 KB, pMem, 369304 KB
slurm-3473744.out:Memory, Processes, 32, Rank, 4, vMem, 776192 KB, pMem, 369264 KB
slurm-3473744.out:Memory, Processes, 32, Rank, 22, vMem, 774496 KB, pMem, 369544 KB
slurm-3473744.out:Memory, Processes, 32, Rank, 16, vMem, 775884 KB, pMem, 371004 KB
slurm-3473744.out:Memory, Processes, 32, Rank, 18, vMem, 775756 KB, pMem, 370876 KB
slurm-3473744.out:Memory, Processes, 32, Rank, 20, vMem, 775620 KB, pMem, 368716 KB
slurm-3473744.out:Memory, Processes, 32, Rank, 24, vMem, 774464 KB, pMem, 367492 KB
slurm-3473744.out:Memory, Processes, 32, Rank, 26, vMem, 775960 KB, pMem, 368972 KB
slurm-3473744.out:Memory, Processes, 32, Rank, 28, vMem, 776528 KB, pMem, 369484 KB
slurm-3473744.out:Memory, Processes, 32, Rank, 30, vMem, 775420 KB, pMem, 368448 KB
slurm-3473744.out:Memory, Processes, 32, Rank, 1, vMem, 774140 KB, pMem, 367284 KB
slurm-3473744.out:Memory, Processes, 32, Rank, 3, vMem, 774920 KB, pMem, 368052 KB
slurm-3473744.out:Memory, Processes, 32, Rank, 8, vMem, 774576 KB, pMem, 367576 KB
slurm-3473744.out:Memory, Processes, 32, Rank, 12, vMem, 776736 KB, pMem, 369808 KB
slurm-3473744.out:Memory, Processes, 32, Rank, 14, vMem, 776312 KB, pMem, 369396 KB
slurm-3473744.out:Memory, Processes, 32, Rank, 10, vMem, 774436 KB, pMem, 367444 KB
slurm-3473744.out:Memory, Processes, 32, Rank, 17, vMem, 774844 KB, pMem, 367868 KB
slurm-3473744.out:Memory, Processes, 32, Rank, 19, vMem, 775912 KB, pMem, 368932 KB
slurm-3473744.out:Memory, Processes, 32, Rank, 11, vMem, 775896 KB, pMem, 368972 KB
slurm-3473744.out:Memory, Processes, 32, Rank, 27, vMem, 775984 KB, pMem, 368940 KB
slurm-3473744.out:Memory, Processes, 32, Rank, 25, vMem, 776180 KB, pMem, 369196 KB
slurm-3473744.out:Memory, Processes, 32, Rank, 9, vMem, 776144 KB, pMem, 369148 KB
slurm-3473744.out:Memory, Processes, 32, Rank, 7, vMem, 776072 KB, pMem, 369216 KB
slurm-3473744.out:Memory, Processes, 32, Rank, 31, vMem, 775112 KB, pMem, 368072 KB
slurm-3473744.out:Memory, Processes, 32, Rank, 15, vMem, 774312 KB, pMem, 367384 KB
slurm-3473744.out:Memory, Processes, 32, Rank, 23, vMem, 775784 KB, pMem, 368792 KB
slurm-3473744.out:Memory, Processes, 32, Rank, 29, vMem, 774492 KB, pMem, 367520 KB
slurm-3473744.out:Memory, Processes, 32, Rank, 13, vMem, 776740 KB, pMem, 369752 KB
slurm-3473744.out:Memory, Processes, 32, Rank, 5, vMem, 775864 KB, pMem, 368936 KB
slurm-3473744.out:Memory, Processes, 32, Rank, 21, vMem, 776496 KB, pMem, 369504 KB
slurm-3473745.out:Memory, Processes, 8, Rank, 0, vMem, 1551688 KB, pMem, 1179596 KB
slurm-3473745.out:Memory, Processes, 8, Rank, 3, vMem, 1553356 KB, pMem, 1181208 KB
slurm-3473745.out:Memory, Processes, 8, Rank, 7, vMem, 1552028 KB, pMem, 1179964 KB
slurm-3473745.out:Memory, Processes, 8, Rank, 5, vMem, 1553192 KB, pMem, 1181012 KB
slurm-3473745.out:Memory, Processes, 8, Rank, 2, vMem, 1551224 KB, pMem, 1179060 KB
slurm-3473745.out:Memory, Processes, 8, Rank, 4, vMem, 1552424 KB, pMem, 1180156 KB
slurm-3473745.out:Memory, Processes, 8, Rank, 6, vMem, 1552868 KB, pMem, 1180604 KB
slurm-3473745.out:Memory, Processes, 8, Rank, 1, vMem, 1554804 KB, pMem, 1182624 KB
slurm-3473746.out:Memory, Processes, 16, Rank, 8, vMem, 1023424 KB, pMem, 641052 KB
slurm-3473746.out:Memory, Processes, 16, Rank, 0, vMem, 988308 KB, pMem, 606104 KB
slurm-3473746.out:Memory, Processes, 16, Rank, 12, vMem, 1022936 KB, pMem, 640656 KB
slurm-3473746.out:Memory, Processes, 16, Rank, 14, vMem, 1022984 KB, pMem, 640644 KB
slurm-3473746.out:Memory, Processes, 16, Rank, 4, vMem, 1023008 KB, pMem, 640632 KB
slurm-3473746.out:Memory, Processes, 16, Rank, 2, vMem, 1023768 KB, pMem, 641384 KB
slurm-3473746.out:Memory, Processes, 16, Rank, 10, vMem, 1024972 KB, pMem, 642600 KB
slurm-3473746.out:Memory, Processes, 16, Rank, 6, vMem, 1025276 KB, pMem, 642860 KB
slurm-3473746.out:Memory, Processes, 16, Rank, 1, vMem, 989512 KB, pMem, 607308 KB
slurm-3473746.out:Memory, Processes, 16, Rank, 9, vMem, 1023364 KB, pMem, 640828 KB
slurm-3473746.out:Memory, Processes, 16, Rank, 5, vMem, 1022608 KB, pMem, 640304 KB
slurm-3473746.out:Memory, Processes, 16, Rank, 3, vMem, 1024908 KB, pMem, 642580 KB
slurm-3473746.out:Memory, Processes, 16, Rank, 11, vMem, 1022744 KB, pMem, 640296 KB
slurm-3473746.out:Memory, Processes, 16, Rank, 15, vMem, 1022832 KB, pMem, 642556 KB
slurm-3473746.out:Memory, Processes, 16, Rank, 13, vMem, 1023696 KB, pMem, 641412 KB
slurm-3473746.out:Memory, Processes, 16, Rank, 7, vMem, 1022668 KB, pMem, 642368 KB
slurm-3473747.out:Memory, Processes, 32, Rank, 1, vMem, 757776 KB, pMem, 367320 KB
slurm-3473747.out:Memory, Processes, 32, Rank, 3, vMem, 758280 KB, pMem, 367784 KB
slurm-3473747.out:Memory, Processes, 32, Rank, 5, vMem, 759304 KB, pMem, 370724 KB
slurm-3473747.out:Memory, Processes, 32, Rank, 7, vMem, 759900 KB, pMem, 369224 KB
slurm-3473747.out:Memory, Processes, 32, Rank, 0, vMem, 759212 KB, pMem, 368688 KB
slurm-3473747.out:Memory, Processes, 32, Rank, 21, vMem, 760160 KB, pMem, 369540 KB
slurm-3473747.out:Memory, Processes, 32, Rank, 23, vMem, 759320 KB, pMem, 368692 KB
slurm-3473747.out:Memory, Processes, 32, Rank, 16, vMem, 759508 KB, pMem, 368884 KB
slurm-3473747.out:Memory, Processes, 32, Rank, 17, vMem, 758612 KB, pMem, 367984 KB
slurm-3473747.out:Memory, Processes, 32, Rank, 19, vMem, 759544 KB, pMem, 368920 KB
slurm-3473747.out:Memory, Processes, 32, Rank, 8, vMem, 758192 KB, pMem, 367728 KB
slurm-3473747.out:Memory, Processes, 32, Rank, 9, vMem, 759756 KB, pMem, 369284 KB
slurm-3473747.out:Memory, Processes, 32, Rank, 25, vMem, 759856 KB, pMem, 369216 KB
slurm-3473747.out:Memory, Processes, 32, Rank, 11, vMem, 759444 KB, pMem, 369044 KB
slurm-3473747.out:Memory, Processes, 32, Rank, 27, vMem, 759360 KB, pMem, 368796 KB
slurm-3473747.out:Memory, Processes, 32, Rank, 24, vMem, 758040 KB, pMem, 367460 KB
slurm-3473747.out:Memory, Processes, 32, Rank, 4, vMem, 759788 KB, pMem, 369104 KB
slurm-3473747.out:Memory, Processes, 32, Rank, 20, vMem, 759380 KB, pMem, 368764 KB
slurm-3473747.out:Memory, Processes, 32, Rank, 28, vMem, 760312 KB, pMem, 369744 KB
slurm-3473747.out:Memory, Processes, 32, Rank, 12, vMem, 760056 KB, pMem, 369520 KB
slurm-3473747.out:Memory, Processes, 32, Rank, 29, vMem, 758288 KB, pMem, 367752 KB
slurm-3473747.out:Memory, Processes, 32, Rank, 13, vMem, 760352 KB, pMem, 369820 KB
slurm-3473747.out:Memory, Processes, 32, Rank, 15, vMem, 757944 KB, pMem, 367492 KB
slurm-3473747.out:Memory, Processes, 32, Rank, 31, vMem, 758328 KB, pMem, 367852 KB
slurm-3473747.out:Memory, Processes, 32, Rank, 6, vMem, 760096 KB, pMem, 371452 KB
slurm-3473747.out:Memory, Processes, 32, Rank, 2, vMem, 759644 KB, pMem, 369064 KB
slurm-3473747.out:Memory, Processes, 32, Rank, 14, vMem, 759776 KB, pMem, 369244 KB
slurm-3473747.out:Memory, Processes, 32, Rank, 30, vMem, 759060 KB, pMem, 368508 KB
slurm-3473747.out:Memory, Processes, 32, Rank, 10, vMem, 758028 KB, pMem, 367552 KB
slurm-3473747.out:Memory, Processes, 32, Rank, 22, vMem, 758084 KB, pMem, 367532 KB
slurm-3473747.out:Memory, Processes, 32, Rank, 18, vMem, 759408 KB, pMem, 368784 KB
slurm-3473747.out:Memory, Processes, 32, Rank, 26, vMem, 759636 KB, pMem, 368996 KB
slurm-3473748.out:Memory, Processes, 64, Rank, 2, vMem, 635792 KB, pMem, 228968 KB
slurm-3473748.out:Memory, Processes, 64, Rank, 6, vMem, 636900 KB, pMem, 230080 KB
slurm-3473748.out:Memory, Processes, 64, Rank, 0, vMem, 636804 KB, pMem, 232020 KB
slurm-3473748.out:Memory, Processes, 64, Rank, 4, vMem, 637572 KB, pMem, 230680 KB
slurm-3473748.out:Memory, Processes, 64, Rank, 3, vMem, 636172 KB, pMem, 229140 KB
slurm-3473748.out:Memory, Processes, 64, Rank, 5, vMem, 637324 KB, pMem, 230296 KB
slurm-3473748.out:Memory, Processes, 64, Rank, 7, vMem, 636680 KB, pMem, 229656 KB
slurm-3473748.out:Memory, Processes, 64, Rank, 34, vMem, 637300 KB, pMem, 230216 KB
slurm-3473748.out:Memory, Processes, 64, Rank, 38, vMem, 636184 KB, pMem, 229168 KB
slurm-3473748.out:Memory, Processes, 64, Rank, 32, vMem, 636716 KB, pMem, 229716 KB
slurm-3473748.out:Memory, Processes, 64, Rank, 35, vMem, 636220 KB, pMem, 229140 KB
slurm-3473748.out:Memory, Processes, 64, Rank, 36, vMem, 637556 KB, pMem, 230540 KB
slurm-3473748.out:Memory, Processes, 64, Rank, 37, vMem, 636284 KB, pMem, 229284 KB
slurm-3473748.out:Memory, Processes, 64, Rank, 39, vMem, 637472 KB, pMem, 230464 KB
slurm-3473748.out:Memory, Processes, 64, Rank, 18, vMem, 636952 KB, pMem, 231944 KB
slurm-3473748.out:Memory, Processes, 64, Rank, 22, vMem, 637272 KB, pMem, 230224 KB
slurm-3473748.out:Memory, Processes, 64, Rank, 16, vMem, 636512 KB, pMem, 229456 KB
slurm-3473748.out:Memory, Processes, 64, Rank, 20, vMem, 635756 KB, pMem, 228788 KB
slurm-3473748.out:Memory, Processes, 64, Rank, 19, vMem, 637640 KB, pMem, 230652 KB
slurm-3473748.out:Memory, Processes, 64, Rank, 21, vMem, 637016 KB, pMem, 230024 KB
slurm-3473748.out:Memory, Processes, 64, Rank, 23, vMem, 637068 KB, pMem, 230088 KB
slurm-3473748.out:Memory, Processes, 64, Rank, 50, vMem, 637792 KB, pMem, 230744 KB
slurm-3473748.out:Memory, Processes, 64, Rank, 54, vMem, 637200 KB, pMem, 230088 KB
slurm-3473748.out:Memory, Processes, 64, Rank, 48, vMem, 636604 KB, pMem, 229752 KB
slurm-3473748.out:Memory, Processes, 64, Rank, 52, vMem, 636996 KB, pMem, 229964 KB
slurm-3473748.out:Memory, Processes, 64, Rank, 51, vMem, 636456 KB, pMem, 229428 KB
slurm-3473748.out:Memory, Processes, 64, Rank, 53, vMem, 636932 KB, pMem, 229820 KB
slurm-3473748.out:Memory, Processes, 64, Rank, 55, vMem, 636476 KB, pMem, 229368 KB
slurm-3473748.out:Memory, Processes, 64, Rank, 1, vMem, 637244 KB, pMem, 230200 KB
slurm-3473748.out:Memory, Processes, 64, Rank, 33, vMem, 637424 KB, pMem, 230340 KB
slurm-3473748.out:Memory, Processes, 64, Rank, 17, vMem, 636428 KB, pMem, 229448 KB
slurm-3473748.out:Memory, Processes, 64, Rank, 49, vMem, 636368 KB, pMem, 229256 KB
slurm-3473748.out:Memory, Processes, 64, Rank, 14, vMem, 636776 KB, pMem, 229896 KB
slurm-3473748.out:Memory, Processes, 64, Rank, 12, vMem, 637504 KB, pMem, 230632 KB
slurm-3473748.out:Memory, Processes, 64, Rank, 8, vMem, 637508 KB, pMem, 230640 KB
slurm-3473748.out:Memory, Processes, 64, Rank, 11, vMem, 637512 KB, pMem, 230568 KB
slurm-3473748.out:Memory, Processes, 64, Rank, 13, vMem, 636688 KB, pMem, 229744 KB
slurm-3473748.out:Memory, Processes, 64, Rank, 15, vMem, 637444 KB, pMem, 230496 KB
slurm-3473748.out:Memory, Processes, 64, Rank, 10, vMem, 636208 KB, pMem, 229336 KB
slurm-3473748.out:Memory, Processes, 64, Rank, 9, vMem, 636828 KB, pMem, 231924 KB
slurm-3473748.out:Memory, Processes, 64, Rank, 24, vMem, 637060 KB, pMem, 230088 KB
slurm-3473748.out:Memory, Processes, 64, Rank, 30, vMem, 636184 KB, pMem, 229276 KB
slurm-3473748.out:Memory, Processes, 64, Rank, 29, vMem, 637468 KB, pMem, 230492 KB
slurm-3473748.out:Memory, Processes, 64, Rank, 28, vMem, 636912 KB, pMem, 232040 KB
slurm-3473748.out:Memory, Processes, 64, Rank, 27, vMem, 637060 KB, pMem, 232116 KB
slurm-3473748.out:Memory, Processes, 64, Rank, 31, vMem, 636164 KB, pMem, 229248 KB
slurm-3473748.out:Memory, Processes, 64, Rank, 26, vMem, 637252 KB, pMem, 230268 KB
slurm-3473748.out:Memory, Processes, 64, Rank, 25, vMem, 637444 KB, pMem, 230532 KB
slurm-3473748.out:Memory, Processes, 64, Rank, 56, vMem, 637352 KB, pMem, 230244 KB
slurm-3473748.out:Memory, Processes, 64, Rank, 62, vMem, 636824 KB, pMem, 229700 KB
slurm-3473748.out:Memory, Processes, 64, Rank, 60, vMem, 636728 KB, pMem, 229684 KB
slurm-3473748.out:Memory, Processes, 64, Rank, 61, vMem, 636904 KB, pMem, 229868 KB
slurm-3473748.out:Memory, Processes, 64, Rank, 58, vMem, 636404 KB, pMem, 229356 KB
slurm-3473748.out:Memory, Processes, 64, Rank, 59, vMem, 636280 KB, pMem, 229240 KB
slurm-3473748.out:Memory, Processes, 64, Rank, 63, vMem, 636484 KB, pMem, 229384 KB
slurm-3473748.out:Memory, Processes, 64, Rank, 57, vMem, 637720 KB, pMem, 230664 KB
slurm-3473748.out:Memory, Processes, 64, Rank, 40, vMem, 637644 KB, pMem, 230628 KB
slurm-3473748.out:Memory, Processes, 64, Rank, 43, vMem, 637852 KB, pMem, 230840 KB
slurm-3473748.out:Memory, Processes, 64, Rank, 44, vMem, 635792 KB, pMem, 228816 KB
slurm-3473748.out:Memory, Processes, 64, Rank, 45, vMem, 636840 KB, pMem, 229868 KB
slurm-3473748.out:Memory, Processes, 64, Rank, 46, vMem, 636564 KB, pMem, 229560 KB
slurm-3473748.out:Memory, Processes, 64, Rank, 47, vMem, 637352 KB, pMem, 230360 KB
slurm-3473748.out:Memory, Processes, 64, Rank, 42, vMem, 636540 KB, pMem, 229564 KB
slurm-3473748.out:Memory, Processes, 64, Rank, 41, vMem, 636212 KB, pMem, 229128 KB
